district,priority,n,in_own_polygon,missing_arrival,missing_dispatch,arrival_before_entry,dispatch_before_entry,arrival_before_dispatch,over_24h,no_location,no_neighborhood,nonresidential,duplicate_entries
25,Non CIP,160508,0.9636155207217085,0.47875495302414833,0.0,3.5857716580608144e-05,6.230219054501956e-06,2.3905144387072098e-05,0.0,0.0,0.005283225758217659,0.06420240735664266,0.07985894784060607
52,Non CIP,268191,0.942209097247857,0.4204130638239165,0.0,1.930005146680391e-05,1.4914743596914139e-05,1.2866700977869275e-05,6.433350488934637e-06,0.0,7.4573717984570695e-06,0.0367573855945949,0.0680932618917115
28,Non Critical,14531,0.9433624664510357,0.225724313536577,0.0,0.0,0.0,0.0,0.0,0.0,0.0,0.0023398252012937857,0.005023742343954305
34,Non CIP,164023,0.9984636301006566,0.37114307139852337,0.0,1.9389802902653495e-05,1.2193411899550673e-05,9.694901451326748e-06,0.0,0.0,0.0011522774245075387,0.050511208793888665,0.061277991501191904
50,Non CIP,136974,0.9913560237709347,0.40550031392819075,0.0,1.2280335498765826e-05,7.300655598872779e-06,1.2280335498765826e-05,0.0,0.0,0.00012411114518083723,0.0730576605779199,0.06982347014761926
101,Non CIP,130129,0.9880656886627884,0.303975286062292,0.0,0.0,7.684682123123978e-06,0.0,0.0,0.0,0.0,0.003581061869375773,0.07176724634785482
62,Non CIP,167036,0.9752987379965995,0.38789841710768935,0.0,9.780620678188238e-06,0.0,1.9561241356376475e-05,0.0,0.0,0.0,0.0031430350343638496,0.04786992025671113
46,Non CIP,273353,0.9507193994578439,0.5161933470640527,0.0,1.5122873345935728e-05,2.1949640208814245e-05,7.561436672967864e-06,0.00019659735349716447,0.0,1.0974820104407123e-05,0.0,0.07379469038203348
18,Non CIP,276332,0.9554014735897399,0.5782681701721119,3.6188353140425286e-06,2.574267620861865e-05,2.1713090460353706e-05,1.71617841390791e-05,0.0,0.0,7.237670628085057e-06,0.01740297902523052,0.04996525918098519
14,Serious,15575,0.9349598715890851,0.12905296950240772,0.0,0.0,0.0,0.0,0.0,0.0,0.0,0.0,0.011942215088282504
61,Serious,8046,0.9747700720855084,0.05555555555555555,0.0,0.0,0.0,0.0,0.0,0.0,0.0,0.010688540889883172,0.018891374596072583
103,Non Critical,22772,0.9700509397505709,0.12783242578605306,0.0,0.0,0.0,0.0,0.0,0.0,0.0,0.0,0.006543123133672932
72,Non CIP,172070,0.9729993607252863,0.4369733248096705,0.0,1.032204789430223e-05,5.811588307084326e-06,1.032204789430223e-05,0.0,0.0,0.0,0.01186145173475911,0.05029929679781484
40,Non Critical,28620,0.9727113906359189,0.2353948287910552,0.0,0.0,3.4940600978336826e-05,0.0,0.0,0.0,0.0,0.0,0.008979734451432565
79,Serious,9807,0.9856225145304375,0.05618435811155297,0.0,0.0,0.0,0.0,0.0,0.0,0.0,0.0,0.016926685020903436
90,Non Critical,12616,0.9744768547875713,0.12603043753963222,0.0,0.0,0.0,0.0,0.0,0.0,0.0,0.0001585288522511097,0.011414077362079899
75,Serious,20540,0.9944498539435248,0.06621226874391431,0.0,0.0,0.0,0.0,0.0,0.0,0.0,0.011733203505355404,0.025511197663096397
83,Serious,7923,0.9355042281963902,0.03231099331061467,0.0,0.0,0.0,0.0,0.0,0.0,0.0,0.001388362993815474,0.022087593083427993
24,Serious,12126,0.9897740392544945,0.19025235032162297,0.0,0.0,0.0,0.0,0.0,0.0,0.0,0.0034636318654131617,0.011380504700643246
106,Critical,3009,0.9770687936191426,0.015952143569292122,0.0,0.0,0.0,0.0,0.0,0.0,0.0,0.00033233632436025255,0.04154204054503157
47,Non Critical,24405,0.9971727105101413,0.15890186437205492,0.0,0.0,0.0,0.0,0.0,0.0,0.0021716861298914157,0.011677934849416103,0.0068838352796558085
108,Non Critical,13038,0.99033594109526,0.08329498389323516,0.0,8.366800535475234e-05,0.0,8.366800535475234e-05,0.0,0.0,0.0006135910415707931,0.010737843227488879,0.008973768982972849
6,Serious,9128,0.8558282208588958,0.056200701139351446,0.0,0.0,0.0,0.0,0.0,0.0,0.0,0.0,0.011831726555652936
115,Serious,12317,0.9995128683932776,0.04018835755459933,0.0,0.0,0.0,0.0,0.0,0.0,0.0,0.0020297150280100674,0.010716895347893156
1,Non Critical,15048,0.9765417331206805,0.17876129718234982,0.0,0.0,0.0,0.0,0.0,0.0,0.0007309941520467836,0.019471026049973417,0.006379585326953748
94,Serious,5180,0.999034749034749,0.05289575289575289,0.0,0.00020383204239706482,0.00019305019305019305,0.0,0.0,0.0,0.0005791505791505791,0.0,0.016409266409266408
113,Critical,3578,0.8954723309111235,0.013974287311347122,0.0,0.0,0.0,0.0,0.0,0.0,0.0,0.0030743432084963667,0.05030743432084964
122,Non Critical,7722,0.9928774928774928,0.05698005698005698,0.0,0.0,0.0,0.0,0.0,0.0,0.0006475006475006475,0.01825951825951826,0.011655011655011656
30,Serious,4503,0.9964468132356207,0.029980013324450366,0.0,0.0,0.0,0.0,0.0,0.0,0.0,0.0,0.017765933821896514
100,Non Critical,5731,0.990054091781539,0.054964229628337115,0.0,0.0,0.0,0.0,0.0,0.0,0.001570406560809632,0.00558366777176758,0.009247949746990053
78,Non Critical,9488,0.9716483979763912,0.12700252951096122,0.0,0.0,0.0,0.0,0.0,0.0,0.0,0.029194772344013492,0.010539629005059023
19,Serious,13968,0.9611254295532646,0.07617411225658649,0.0,0.0,0.0,0.0,0.0,0.0,0.0015034364261168386,0.006371706758304696,0.013745704467353952
32,Critical,4210,0.9560570071258907,0.03752969121140143,0.0,0.00024679170779861795,0.0,0.00024679170779861795,0.0,0.0,0.0007125890736342043,0.0,0.047505938242280284
114,Critical,4955,0.9975782038345106,0.022199798183652877,0.0,0.0,0.0,0.0,0.0,0.0,0.00020181634712411706,0.010494450050454086,0.053884964682139255
26,Serious,2963,0.9588255146810665,0.03476206547418157,0.0,0.0,0.0,0.0,0.0,0.0,0.0,0.0,0.0280121498481269
121,Critical,2264,0.9924911660777385,0.015459363957597174,0.0,0.0,0.0,0.0,0.0,0.0,0.0017667844522968198,0.0017667844522968198,0.045936395759717315
76,Critical,1224,0.9411764705882353,0.041666666666666664,0.0,0.0,0.0,0.0,0.0,0.0,0.0,0.0,0.04003267973856209
22,Serious,262,0.8854961832061069,0.09923664122137404,0.0,0.0,0.0,0.0,0.0,0.0,0.0,0.8854961832061069,0.015267175572519083
116,Serious,1418,0.9936530324400564,0.023977433004231313,0.0,0.0,0.0,0.0,0.0,0.0,0.0,0.0,0.03173483779971791
114,Non CIP,271982,0.9948967211065438,0.3083843783779809,0.0,3.189673962159834e-05,1.8383569500922854e-05,2.1264493081065563e-05,0.0,0.0,0.00021324940621070512,0.017232758050165085,0.05865829356354465
32,Non CIP,178288,0.957854706990936,0.39481625235573903,0.0,9.26809827891415e-06,5.60890244996859e-06,9.26809827891415e-06,0.0,0.0,0.002697882078434892,5.60890244996859e-05,0.07191734721349727
106,Non CIP,162535,0.9767742332420709,0.28959916325714463,0.0,8.660633092279046e-06,6.152520995477897e-06,4.330316546139523e-05,1.732126618455809e-05,0.0,0.0002153382348417264,0.0037530378072415174,0.05811056080228874
121,Non CIP,144752,0.9907151541947606,0.39440560406764674,0.0,1.140758147865071e-05,0.0,1.140758147865071e-05,0.0,0.0,0.0027149883939427437,0.007972255996462917,0.06680391289930364
104,Serious,7680,0.989453125,0.025130208333333334,0.0,0.0,0.0,0.0,0.0,0.0,0.00013020833333333333,0.034505208333333336,0.022526041666666666
113,Non CIP,168839,0.8895871214589046,0.33139855128258283,0.0,3.543397764116011e-05,5.922802196175054e-06,4.4292472051450136e-05,8.858494410290027e-06,0.0,0.0,0.010424131865268096,0.06746663981663005
46,Critical,11077,0.9647919111672836,0.11031867834251151,0.0,0.0,0.0,0.0,0.0,0.0,0.0,0.0,0.04017333212963799
76,Non CIP,76580,0.9341603551841212,0.3887960302951162,0.0,2.1364782292868435e-05,0.0,2.1364782292868435e-05,2.1364782292868435e-05,0.0,2.6116479498563595e-05,1.3058239749281798e-05,0.04966048576651867
102,Serious,9966,0.9947822596829219,0.02699177202488461,0.0,0.0,0.0,0.0,0.0,0.0,0.0,0.012241621513144693,0.019365843869155127
111,Non Critical,4165,0.9877551020408163,0.08595438175270108,0.0,0.0,0.0,0.0,0.0,0.0,0.0004801920768307323,0.02376950780312125,0.012965186074429771
48,Non Critical,21325,0.9649237983587339,0.18602579132473623,0.0,0.0,4.6893317702227434e-05,0.0,0.0,0.0,0.0,0.017397420867526377,0.01003516998827667
17,Non Critical,9096,0.877858399296394,0.22592348284960423,0.0,0.0,0.0,0.0,0.0,0.0,0.0,0.006156552330694811,0.0051671064204045734
43,Serious,14940,0.9912315930388219,0.054551539491298526,0.0,7.079646017699115e-05,0.0,7.079646017699115e-05,0.0,0.0,6.693440428380188e-05,0.005287817938420348,0.023427041499330656
50,Critical,2865,0.9912739965095986,0.07294938917975567,0.0,0.0,0.0,0.0,0.0,0.0,0.0,0.11518324607329843,0.041884816753926704
9,Serious,9535,0.8948085998951232,0.06229680125852124,0.0,0.0,0.0,0.0,0.0,0.0,0.0,0.0,0.01447299423177766
44,Non Critical,29047,0.992770337728509,0.23420663063311184,0.0,0.0,0.0,0.0,0.0,0.0,0.0,0.022997211415980996,0.007987055461837712
109,Non Critical,16321,0.9968139207156425,0.09251884075730654,0.0,0.0,0.0,0.0,0.0,0.0,0.00036762453281048957,0.006249617057778323,0.007046136878867716
10,Serious,7520,0.9527925531914894,0.0761968085106383,0.0,0.0,0.0,0.0,0.0,0.0,0.0011968085106382979,0.0,0.017553191489361703
49,Non Critical,14330,0.9695743196092115,0.15638520586182833,0.0,0.0,0.0,0.0,0.0,0.0,0.0,0.07341242149337056,0.007257501744591765
123,Non Critical,3278,0.9786455155582673,0.06955460646735814,0.0,0.0,0.0,0.0,0.0,0.0,0.0003050640634533252,0.021049420378279438,0.015558267236119585
52,Critical,6980,0.9548710601719198,0.029512893982808024,0.0,0.0,0.0,0.0,0.0,0.0,0.0,0.02163323782234957,0.034383954154727794
62,Critical,2208,0.9669384057971014,0.010869565217391304,0.0,0.0,0.0,0.0,0.0,0.0,0.0,0.001358695652173913,0.029891304347826088
18,Critical,3457,0.974544402661267,0.03876193231125253,0.0,0.0,0.0,0.0,0.0,0.0,0.0,0.01041365345675441,0.045993636100665314
68,Non Critical,8104,0.995187561697927,0.06984205330700888,0.0,0.0,0.0,0.0,0.0,0.0,0.0008637709772951629,0.007527147087857848,0.010118460019743336
110,Serious,11658,0.8829987991079087,0.035683650711957456,0.0,0.0,0.0,0.0,0.0,0.0,0.0,0.03079430434036713,0.016126265225596157
63,Non Critical,7727,0.9827876277986282,0.08593244467451792,0.0,0.0,0.0,0.0,0.0,0.0,0.00012941633234114146,0.017341788533712956,0.003753073637893102
7,Non Critical,9328,0.9853130360205832,0.18181818181818182,0.0,0.0001310272536687631,0.0001072041166380789,0.0,0.0,0.0,0.0,0.0,0.008576329331046312
120,Serious,8858,0.9979679385865884,0.03319033641905622,0.0,0.0,0.0,0.0,0.0,0.0,0.0,0.0007902461052156243,0.026981259878076314
34,Critical,3394,0.9997053624042428,0.04537418974661167,0.0,0.0,0.0,0.0,0.0,0.0,0.0,0.03417796110783736,0.047436652916912195
25,Critical,3362,0.9610350981558596,0.044318857822724565,0.0,0.0,0.0,0.0,0.0,0.0,0.001189767995240928,0.03152885187388459,0.0511600237953599
101,Critical,2636,0.9802731411229135,0.023899848254931716,0.0,0.0,0.0,0.0,0.0,0.0,0.0,0.0034142640364188165,0.05197268588770865
5,Serious,5643,0.8270423533581428,0.06184653553074606,0.0,0.0,0.0,0.0,0.0,0.0,0.0,0.0,0.022151337940811627
69,Serious,4914,0.986975986975987,0.023606023606023607,0.0,0.0,0.0,0.0,0.0,0.0,0.0,0.020553520553520555,0.022588522588522588
72,Critical,2537,0.9708316909735909,0.02837997635001971,0.0,0.0,0.0,0.0,0.0,0.0,0.0,0.005912495072920773,0.03665746945210879
33,Non CIP,134780,0.9723475293070188,0.4462012167977445,0.0,0.0,0.0,0.0,0.0,0.0,0.014297373497551566,0.0236756195281199,0.06310283424840481
28,Serious,8394,0.9461520133428639,0.11925184655706457,0.0,0.0,0.0,0.0,0.0,0.0,0.0,0.002144388849177984,0.017274243507267095
41,Non CIP,146234,0.9489585185387803,0.4457444917050754,0.0,1.2337910698202367e-05,1.367670993065908e-05,0.0,0.0,0.0,0.0,6.83835496532954e-05,0.06336419710874353
75,Non Critical,34037,0.9944178394100538,0.20324940505920028,0.0,3.687451602197721e-05,0.0,7.374903204395442e-05,0.0,0.0,0.0,0.009900990099009901,0.009812850721273908
20,Non CIP,107763,0.9696927516865714,0.3878975158449561,0.0,0.0,0.0,0.0,1.516024377671993e-05,0.0,0.0,0.010662286684669136,0.06838154097417481
14,Non Critical,27041,0.9457860286232018,0.32084612255463923,0.0,0.00010890280424720937,0.0,0.00010890280424720937,0.0,0.0,0.0,0.0,0.005288265966495322
67,Non CIP,238633,0.9453093243600005,0.35708389032531124,0.0,2.6072050110480314e-05,4.1905352570683855e-06,2.6072050110480314e-05,0.0,0.0,0.0,0.008971935985383412,0.060062941839561165
81,Non CIP,118000,0.8913220338983051,0.32577966101694916,0.0,2.513889238040172e-05,8.47457627118644e-06,1.256944619020086e-05,0.0,0.0,0.0,0.0,0.06288135593220338
88,Critical,1882,0.8995749202975558,0.023910733262486716,0.0,0.0,0.0,0.0,0.0,0.0,0.0,0.01647183846971307,0.048884165781083955
71,Non CIP,150045,0.9596720983704888,0.36284447998933655,0.0,2.0920064433798455e-05,1.3329334532973442e-05,1.0460032216899228e-05,0.0,0.0,0.0,0.011123329667766337,0.07398447132526909
1,Serious,15720,0.9912849872773537,0.05820610687022901,0.0,0.0,0.0,0.0,0.0,0.0,0.0002544529262086514,0.003816793893129771,0.0111323155216285
84,Non CIP,186531,0.9722459001452841,0.37727777152323205,0.0,0.0,0.0,0.0,0.0,0.0,0.005302067752813206,0.0022784416531300426,0.05588883349148399
78,Serious,5416,0.9734121122599705,0.05982274741506647,0.0,0.0,0.0,0.0,0.0,0.0,0.0,0.014955686853766617,0.016617429837518464
40,Serious,15575,0.9631460674157304,0.07415730337078652,0.0,0.0,0.0,0.0,0.0,0.0,0.0,0.0,0.022279293739967898
79,Non Critical,16134,0.975269616957977,0.13456055534895253,0.0,0.0,0.0,0.0,0.0,0.0,0.0,0.0,0.00669393826701376
107,Critical,2821,0.9989365473236441,0.018078695498050336,0.0,0.0,0.0,0.0,0.0,0.0,0.0,0.009216589861751152,0.041474654377880185
103,Serious,13337,0.9710579590612581,0.04686211291894729,0.0,7.866582756450598e-05,0.0,7.866582756450598e-05,0.0,0.0,0.0,0.0,0.018594886406238284
19,Non Critical,13577,0.9498416439566915,0.1599764307284378,0.0,0.0,0.0,0.0,0.0,0.0,0.0013994254990056714,0.027841202032849673,0.007291743389555867
61,Non Critical,12347,0.9626629950595287,0.1066655867822143,0.0,0.0,0.0,0.0,0.0,0.0,0.0,0.01806106746578116,0.009718960071272374
30,Non Critical,8585,0.9913803145020385,0.0891089108910891,0.0,0.0001278772378516624,0.0,0.0001278772378516624,0.0,0.0,0.0,0.0,0.00710541642399534
105,Critical,3265,0.6199081163859111,0.020520673813169986,0.0,0.0,0.0,0.0,0.0,0.0,0.0006125574272588055,0.0,0.0444104134762634
24,Non Critical,11848,0.9771269412559082,0.16829844699527347,0.0,0.0,0.0,0.0,0.0,0.0,0.0,0.00911546252532073,0.008693450371370695
47,Serious,14924,0.9974537657464487,0.061109622085231845,0.0,7.136739937196689e-05,0.0,7.136739937196689e-05,0.0,0.0,0.001876172607879925,0.014339319217367998,0.025395336370946126
73,Critical,7596,0.9452343338599263,0.13112164296998421,0.0,0.0,0.0,0.0,0.0,0.0,0.0,0.0006582411795681938,0.04634017904160084
108,Serious,9945,0.9931623931623932,0.038712921065862244,0.0,0.0,0.0,0.0,0.0,0.0,0.00040221216691804925,0.009351432880844645,0.015987933634992457
83,Non Critical,15634,0.9529231162850198,0.09428169374440322,0.0,0.0,0.0,0.0,0.0,0.0,0.0,0.0010234105155430473,0.008059357809901496
70,Critical,3889,0.9269735150424273,0.022885060426844947,0.0,0.0,0.0,0.0,0.0,0.0,0.0,0.007971200822833634,0.0370275134996143
6,Non Critical,11693,0.8249379970922774,0.1495766698024459,0.0,0.0,0.0,0.0,0.0,0.0,0.0,0.0,0.008552125203112973
115,Non Critical,18051,0.9996122098498698,0.11306852805938729,0.0,6.246096189881324e-05,0.0,6.246096189881324e-05,0.0,0.0,0.0,0.0020497479364024154,0.004487286022935018
26,Non Critical,6184,0.9503557567917206,0.14165588615782665,0.0,0.0,0.0,0.0,0.0,0.0,0.0,0.0,0.008247089262613196
13,Critical,2631,0.9566704675028507,0.0395286963131889,0.0,0.0,0.0,0.0,0.0,0.0,0.0,0.0,0.04446978335233751
122,Serious,4611,0.9908913467794405,0.021904142268488396,0.0,0.0,0.0,0.0,0.0,0.0,0.002168726957276079,0.011494252873563218,0.03556712209932769
100,Serious,3993,0.9957425494615577,0.024542950162784873,0.0,0.0,0.0,0.0,0.0,0.0,0.0020035061357375405,0.001753067868770348,0.024542950162784873
42,Critical,6975,0.9675985663082437,0.043440860215053764,0.0,0.0,0.0,0.0,0.0,0.0,0.0,0.024516129032258065,0.04430107526881721
23,Critical,2798,0.9381701215153682,0.03466761972837741,0.0,0.0,0.0,0.0,0.0,0.0,0.00035739814152966406,0.017155110793423873,0.043959971408148675
45,Critical,2754,0.9847494553376906,0.027596223674655047,0.0,0.0,0.0,0.0,0.0,0.0,0.0007262164124909223,0.06935366739288308,0.060639070442992014
94,Non Critical,7416,0.9993257820927723,0.10045846817691478,0.0,0.0,0.0,0.0,0.0,0.0,0.000674217907227616,0.0,0.008764832793959008
90,Serious,6301,0.9812728138390732,0.03523250277733693,0.0,0.0,0.0,0.0,0.0,0.0,0.00015870496746548166,0.00047611490239644503,0.023647040152356767
112,Critical,1457,0.9917638984214139,0.013726835964310227,0.0,0.0,0.0,0.0,0.0,0.0,0.0,0.03774879890185312,0.050102951269732326
60,Critical,2850,0.9891228070175438,0.023859649122807018,0.0,0.0,0.0,0.0,0.0,0.0,0.0,0.0,0.037192982456140354
0,Non CIP,417,0.0,0.5107913669064749,0.0,0.0,0.0,0.0,0.0,0.0,0.06474820143884892,0.011990407673860911,0.02158273381294964
66,Critical,2360,0.9427966101694916,0.027966101694915254,0.0,0.0,0.0,0.0,0.0,0.0,0.0,0.005508474576271186,0.03177966101694915
77,Critical,3714,0.9884221863220247,0.04738826063543349,0.0,0.0,0.0,0.0,0.0,0.0,0.0,0.00834679590737749,0.04254173397953689
22,Non Critical,785,0.9414012738853503,0.11082802547770701,0.0,0.0,0.0,0.0,0.0,0.0,0.0,0.9414012738853503,0.006369426751592357
116,Non Critical,2921,0.9900718931872646,0.08353303663129065,0.0,0.0,0.0,0.0,0.0,0.0,0.0,0.0,0.007531667237247518
105,Non CIP,210916,0.6775730622617535,0.3330520207096664,0.0,7.108836283500391e-06,1.8964895977545564e-05,0.0,0.0,0.0,0.0014840031102429402,0.0004172277115060024,0.07623888182973317
13,Non CIP,209771,0.9433715813911361,0.41942880569764174,0.0,8.211057009368815e-06,0.0,2.4633171028106448e-05,0.0,0.0,0.0,0.0,0.0721358052352327
66,Non CIP,149119,0.9461839202247869,0.33469242685372086,0.0,3.023888720895071e-05,6.706053554543687e-06,2.0159258139300474e-05,0.0,0.0,0.0,0.006947471482507259,0.05388314031075852
112,Non CIP,130810,0.9740386820579466,0.286927604923171,0.0,1.0720756456575575e-05,0.0,1.0720756456575575e-05,0.0,0.0,0.0,0.07642382080880666,0.05103585352801773
73,Non CIP,233975,0.9456138476332941,0.43144353029169785,0.0,3.006885768409658e-05,8.547921786515654e-06,3.7586072105120725e-05,7.517214421024145e-06,0.0,0.0,0.0008889838657976279,0.08023506784912918
45,Non CIP,168844,0.9717135343867712,0.41467863826964535,0.0,1.0118589873315255e-05,1.1845253606879723e-05,3.0355769619945766e-05,1.0118589873315255e-05,0.0,0.0052533699746511574,0.10895856530288313,0.0686136315178508
107,Non CIP,182684,0.9860962098487005,0.3568840183048324,0.0,2.553474001378876e-05,1.0947866260865757e-05,2.553474001378876e-05,0.0,0.0,0.0,0.044388123754680216,0.0667436666593681
70,Non CIP,215291,0.9440896275273931,0.40808022629835894,0.0,1.569427551300663e-05,1.3934628015105137e-05,1.569427551300663e-05,0.0,0.0,0.0,0.011565741252537263,0.05618906503290895
42,Non CIP,228071,0.9403343695603562,0.5098061568546637,0.0,2.6833871501534003e-05,8.76919906520338e-06,1.7889247667689337e-05,0.0,0.0,0.0,0.019985004669598502,0.0864204567875793
77,Non CIP,142523,0.9820169376170864,0.30934656160760016,0.0,1.015909137086779e-05,1.4032822772464796e-05,1.015909137086779e-05,0.0,0.0,0.0,0.005914834798593911,0.06949053836924567
88,Non CIP,111403,0.9147329964184089,0.3228638367009865,0.0,0.0,0.0,0.0,0.0,0.0,0.0,0.028706587793865514,0.06624597183199735
43,Non Critical,21324,0.9893078221722004,0.14762708685049708,0.0,0.0,0.0,0.0,0.0,0.0,0.0,0.004548865128493716,0.009097730256987431
49,Serious,11640,0.9851374570446736,0.06898625429553265,0.0,0.0,0.0,0.0,0.0,0.0,0.0,0.05618556701030928,0.023625429553264604
7,Serious,7464,0.9864683815648446,0.08105573419078242,0.0,0.0,0.0,0.0,0.0,0.0,0.0,0.0,0.01379957127545552
60,Non CIP,180258,0.985110230891278,0.4432923920158883,0.0,1.993004554015406e-05,0.0,1.993004554015406e-05,0.0,0.0,0.0,7.211885186787827e-05,0.057767200346170486
23,Non CIP,156425,0.9063385008790155,0.4109125779127377,0.0,1.0852107479272475e-05,0.0,1.0852107479272475e-05,0.0,0.0,0.00015342816046028449,0.06140322838420968,0.06139683554419051
44,Serious,16197,0.9909859850589615,0.07840958202136199,0.0,0.00013398539559188047,6.173982836327716e-05,6.699269779594024e-05,0.0,0.0,6.173982836327716e-05,0.02167067975551028,0.023461134778045317
102,Non Critical,13216,0.9931900726392252,0.059700363196125907,0.0,8.04699444757383e-05,0.0,8.04699444757383e-05,0.0,0.0,0.0,0.015360169491525424,0.0050696125907990315
9,Non Critical,14139,0.8893132470471745,0.14343305750053045,0.0,0.0,0.0,0.0,0.0,0.0,0.0,0.0,0.010467501237711296
120,Non Critical,14718,0.9966707433075146,0.08764777823073787,0.0,0.0,0.0,0.0,0.0,0.0,0.0,0.0012229922543823889,0.009240385922000272
81,Critical,3254,0.895820528580209,0.0215119852489244,0.0,0.0,0.0,0.0,0.0,0.0,0.0,0.0,0.05009219422249539
110,Non Critical,16482,0.8775634024996967,0.09865307608299964,0.0,0.00013462574044157243,6.067224851352991e-05,6.731287022078621e-05,0.0,0.0,0.0,0.03446183715568499,0.00673461958500182
109,Serious,11481,0.9968643846354848,0.03379496559533142,0.0,0.0,0.0,0.0,0.0,0.0,0.0002613012803762738,0.005313126034317568,0.019336294747844266
71,Critical,3249,0.9615266235764851,0.049553708833487226,0.0,0.0,0.0,0.0,0.0,0.0,0.0,0.011695906432748537,0.049553708833487226
69,Non Critical,8689,0.9878006675106457,0.0557026124985614,0.0,0.0001218769043266301,0.0,0.0001218769043266301,0.0,0.0,0.0,0.017723558522269537,0.011508804235239959
48,Serious,13314,0.9675529517800812,0.05850983926693706,0.0,0.0,0.0,0.0,0.0,0.0,0.0,0.01689950428120775,0.02501126633618747
67,Critical,6293,0.9545526775782616,0.024948355315429844,0.0,0.0,0.0,0.0,0.0,0.0,0.0,0.006038455426664548,0.03686635944700461
104,Non Critical,11196,0.9888352983208288,0.07065023222579493,0.0,9.610764055742432e-05,0.0,9.610764055742432e-05,0.0,0.0,8.931761343336905e-05,0.041711325473383354,0.008842443729903537
10,Non Critical,12428,0.9415030576118443,0.1713067267460573,0.0,0.00029129041654529564,0.000160926939169617,9.709680551509856e-05,0.0,0.0,0.0016897328612809784,0.0,0.007000321853878339
68,Serious,6515,0.9989255564082886,0.03468917881811205,0.0,0.0,0.0,0.0,0.0,0.0,0.0004604758250191865,0.0061396776669224865,0.01688411358403684
41,Critical,3575,0.946013986013986,0.02825174825174825,0.0,0.0,0.0,0.0,0.0,0.0,0.0,0.0,0.05090909090909091
33,Critical,2692,0.986255572065379,0.02897473997028232,0.0,0.0,0.0,0.0,0.0,0.0,0.002228826151560178,0.003714710252600297,0.03417533432392273
5,Non Critical,11716,0.9658586548310003,0.20732331853875044,0.0,0.0,0.0,0.0,0.0,0.0,0.0,0.0,0.0049504950495049506
84,Critical,2096,0.9604007633587787,0.015744274809160304,0.0,0.0,0.0,0.0,0.0,0.0,0.0014312977099236641,0.0033396946564885495,0.04580152671755725
17,Serious,6752,0.9046208530805687,0.10204383886255924,0.0,0.0,0.0,0.0,0.0,0.0,0.0,0.002369668246445498,0.015402843601895734
123,Serious,1898,0.9752370916754478,0.030031612223393046,0.0,0.0,0.0,0.0,0.0,0.0,0.0,0.02160168598524763,0.044783983140147525
63,Serious,6728,0.9892984542211652,0.03983353151010702,0.0,0.0,0.0,0.0,0.0,0.0,0.00029726516052318666,0.015457788347205707,0.015903686087990487
111,Serious,2337,0.9884467265725289,0.03380402225074882,0.0,0.0,0.0,0.0,0.0,0.0,0.0,0.029097133076593923,0.04236200256739409
20,Critical,1241,0.958904109589041,0.0273972602739726,0.0,0.0,0.0,0.0,0.0,0.0,0.0,0.009669621273166801,0.04754230459307011
,Non CIP,7,,0.7142857142857143,0.0,0.0,0.0,0.0,0.0,0.0,1.0,0.0,0.0
0,Critical,1,0.0,0.0,0.0,0.0,0.0,0.0,0.0,0.0,0.0,1.0,0.0
49,Non CIP,190801,0.9737422759838785,0.4800341717286597,0.0,1.0079629069650237e-05,2.0964250711474257e-05,1.0079629069650237e-05,0.0,0.0,0.0,0.09102677658922123,0.07295559247593042
114,Non Critical,21947,0.9955802615391626,0.0866177609696086,0.0,4.988526389304599e-05,0.0,4.988526389304599e-05,0.0,0.0,0.0,0.01294026518430765,0.007290290244680367
48,Non CIP,227734,0.9536784142903563,0.4744087400212529,0.0,3.341827143990977e-05,8.782175696206978e-06,3.341827143990977e-05,1.6709135719954886e-05,0.0,0.0,0.021678800706086927,0.07151325669421342
109,Non CIP,264363,0.9917537628185488,0.3179907929627066,0.0,1.1092746453094321e-05,0.0,1.1092746453094321e-05,1.1092746453094321e-05,0.0,0.0017022049227766367,0.008749333303071913,0.048902456092569685
7,Non CIP,112031,0.9845399933946855,0.4202586784015139,0.0,6.158678347626599e-05,1.785220162276513e-05,4.619008760719949e-05,0.0,0.0,0.0003391918308325374,0.0,0.06620488971802448
44,Non CIP,312302,0.9901025289623505,0.5496826789453798,0.0,1.422121093611121e-05,1.601014402725567e-05,1.422121093611121e-05,1.422121093611121e-05,0.0,0.00028818259249060204,0.022984162765528237,0.06765886865918246
45,Serious,7543,0.987272968314994,0.05435503115471298,0.0,0.0,0.0,0.0,0.0,0.0,0.0014583057139069336,0.05581333686861991,0.025454063370011933
123,Non CIP,79963,0.9834048247314383,0.41141527956679963,0.0,4.249442260703283e-05,0.0,4.249442260703283e-05,0.0,0.0,0.0021384890511861737,0.02736265522804297,0.06154096269524655
17,Non CIP,126889,0.8928118276603961,0.5574163245040942,0.0,0.0,7.880903782045724e-06,0.0,1.7806584875086807e-05,0.0,0.00020490349833318886,0.007975474627430274,0.057286289591690374
111,Non CIP,124054,0.9744788559820723,0.3653570219420575,0.0,0.0,0.0,0.0,0.0,0.0,0.0002660131878053106,0.0796911022619182,0.04976058813097522
103,Critical,5350,0.9693457943925233,0.023177570093457944,0.0,0.0,0.0,0.0,0.0,0.0,0.0,0.0,0.04037383177570093
70,Serious,10199,0.938425335817237,0.0424551426610452,0.0,0.0,0.0,0.0,0.0,0.0,0.0,0.007059515638788117,0.021570742229630357
68,Non CIP,163189,0.9913229445612143,0.40752134028641634,0.0,1.0342759034400017e-05,1.225572802088376e-05,2.0685518068800034e-05,0.0,0.0,0.004669432375956713,0.01427179528031914,0.04847140432259527
107,Serious,7008,0.9967180365296804,0.04023972602739726,0.0,0.0,0.0,0.0,0.0,0.0,0.0,0.009988584474885844,0.028396118721461187
63,Non CIP,130259,0.9849146700036082,0.3267029533467937,0.0,1.140211851361983e-05,0.0,1.140211851361983e-05,0.0,0.0,0.001765712925786318,0.050223017219539534,0.04965491827819959
106,Non Critical,12937,0.9816031537450722,0.0626111154054263,0.0,8.246062505153789e-05,0.0,8.246062505153789e-05,0.0,0.0,7.729767334003247e-05,0.0008502744067403571,0.008966530107443766
60,Serious,7223,0.9869860168904887,0.03585767686556832,0.0,0.0,0.0,0.0,0.0,0.0,0.0,0.00013844662882458813,0.023259033642530805
77,Serious,6168,0.9862191958495461,0.03842412451361868,0.0,0.0,0.0,0.0,0.0,0.0,0.0,0.005674448767833982,0.02091439688715953
76,Non Critical,4251,0.9223712067748765,0.12444130792754646,0.0,0.0,0.0,0.0,0.0,0.0,0.0,0.0,0.011761938367442954
113,Non Critical,13101,0.9029081749484772,0.07243721853293641,0.0,0.0,0.0,0.0,0.0,0.0,0.0,0.0019082512785283565,0.008014655369819098
23,Serious,6521,0.9421867811685324,0.04769207176813372,0.0,0.0,0.0,0.0,0.0,0.0,0.0,0.02652967336298114,0.02315595767520319
47,Critical,7941,0.9978592116861856,0.03286739705326785,0.0,0.0,0.0,0.0,0.0,0.0,0.0020148595894723584,0.008940939428283591,0.035763757713134364
112,Serious,7572,0.9952456418383518,0.028526148969889066,0.0,0.0,0.0,0.0,0.0,0.0,0.0,0.015187533016376122,0.015979926043317487
88,Serious,4416,0.8455615942028986,0.042346014492753624,0.0,0.0,0.0,0.0,0.0,0.0,0.0,0.01970108695652174,0.02309782608695652
121,Non Critical,9702,0.9938157081014224,0.07338693052978768,0.0,0.0,0.0,0.0,0.0,0.0,0.00020614306328592042,0.008451865594722737,0.007318078746650175
40,Critical,7913,0.9622140780993302,0.036522178693289525,0.0,0.0,0.0,0.0,0.0,0.0,0.0,0.0,0.04789586755971187
42,Serious,11949,0.9577370491254499,0.05766172901498033,0.0,0.0,0.0,0.0,0.0,0.0,0.0,0.01782575947778057,0.03037911122269646
32,Non Critical,15564,0.958686712927268,0.1442431251606271,0.0,0.0,0.0,0.0,0.0,0.0,0.0008995116936520175,6.425083526085839e-05,0.008159856078129015
90,Critical,3340,0.9838323353293413,0.02305389221556886,0.0,0.0,0.0,0.0,0.0,0.0,0.0005988023952095808,0.0,0.04161676646706587
73,Serious,14904,0.9514224369296833,0.09715512614063339,0.0,0.0,0.0,0.0,0.0,0.0,0.0,0.0004696725711218465,0.0215378421900161
105,Serious,7363,0.6464756213499933,0.042509846529947035,0.0,0.0,0.0,0.0,0.0,0.0,0.0004074426184978949,0.0,0.0340893657476572
66,Serious,5157,0.9203025014543339,0.028698855923986813,0.0,0.0,0.0,0.0,0.0,0.0,0.0,0.0077564475470234635,0.023075431452394803
13,Serious,15635,0.9637352094659418,0.08193156379916854,0.0,0.0,0.0,0.0,0.0,0.0,0.0,0.0,0.016501439078989447
28,Critical,2909,0.9456858026813338,0.046063939498109316,0.0,0.0,0.0,0.0,0.0,0.0,0.0,0.0048126503953248535,0.041595049845307666
108,Critical,2716,0.9941089837997055,0.0195139911634757,0.0,0.0,0.0,0.0,0.0,0.0,0.0007363770250368188,0.010309278350515464,0.04933726067746686
122,Critical,1977,0.9919069296914517,0.018209408194233688,0.0,0.0,0.0,0.0,0.0,0.0,0.0005058168942842691,0.012139605462822459,0.042994436014162876
1,Critical,2163,0.9773462783171522,0.05825242718446602,0.0,0.0,0.0,0.0,0.0,0.0,0.0009246417013407304,0.0106333795654184,0.053629218677762366
78,Critical,1610,0.9658385093167702,0.021739130434782608,0.0,0.0,0.0,0.0,0.0,0.0,0.0,0.02422360248447205,0.044099378881987575
100,Critical,1239,0.9927360774818402,0.012106537530266344,0.0,0.0,0.0,0.0,0.0,0.0,0.0008071025020177562,0.00887812752219532,0.04923325262308313
,Serious,1,,0.0,0.0,0.0,0.0,0.0,0.0,0.0,1.0,0.0,0.0
110,Non CIP,222884,0.9077681664004594,0.3423574594856517,0.0,0.0,8.97327757936864e-06,0.0,0.0,0.0,4.48663878968432e-06,0.07087094632185352,0.04535543152491879
43,Non CIP,278218,0.9876931039688301,0.45784959995399294,0.0,6.6297170436765755e-06,2.516012623194761e-05,0.0,3.314858521838288e-05,0.0,0.0001437721498968435,0.014326894737220453,0.06523661301569272
120,Non CIP,190430,0.9870608622590978,0.3784435225542194,0.0,3.379434451644517e-05,5.251273433807698e-06,2.534575838733388e-05,0.0,0.0,3.150764060284619e-05,0.00264664181063908,0.07097096045791104
9,Non CIP,145173,0.9056436114153459,0.37379540272640227,0.0,3.300039600475206e-05,6.888333230008335e-06,3.300039600475206e-05,0.0,0.0,0.0,0.0,0.07176265559022683
23,Non Critical,12445,0.9381277621534753,0.14278826838087585,0.0,0.0,0.0,0.0,0.0,0.0,0.00016070711128967456,0.029168340699075933,0.009481719566090799
5,Non CIP,149794,0.9427346889728561,0.44473076358198593,0.0,2.4045397710878137e-05,6.675834813143384e-06,2.4045397710878137e-05,0.0,0.0,0.0008678585257086398,0.0,0.05649759002363246
113,Serious,7627,0.8920938770158647,0.031073816703815392,0.0,0.0,0.0,0.0,0.0,0.0,0.0,0.0023600367116821818,0.0285826668414842
60,Non Critical,12964,0.9891237272446776,0.117170626349892,0.0,0.0,0.0,0.0,0.0,0.0,0.0,0.0,0.008562172169083617
10,Non CIP,133431,0.9452526024686917,0.4770855348457255,0.0,8.599314921244607e-05,1.4989020542452654e-05,5.732876614163072e-05,0.0,0.0,0.0010042643763443278,0.0,0.06882958233094258
104,Non CIP,175215,0.9764061296121908,0.3363239448677339,0.0,0.0,5.70727392061182e-06,8.599487470546756e-06,0.0,0.0,4.565819136489456e-05,0.050566446936620726,0.04819792825956682
106,Serious,9685,0.9856479091378421,0.030356220960247805,0.0,0.0,0.0,0.0,0.0,0.0,0.00010325245224574084,0.00041300980898296334,0.020134228187919462
102,Non CIP,183170,0.9883605393896381,0.2997870830376153,0.0,7.796784606028475e-06,1.091881858382923e-05,2.339035381808542e-05,0.0,0.0,0.0,0.03441065676693782,0.05485614456515805
69,Non CIP,117051,0.9821701651416904,0.2686435827118094,0.0,0.0,0.0,0.0,0.0,0.0,0.0005894866340313197,0.04494622002375033,0.05848732603736833
73,Non Critical,25356,0.9224641110585265,0.233396434768891,0.0,0.0,0.0,0.0,0.0,0.0,0.0,0.0003549455750118315,0.007651049061366146
24,Critical,2832,0.9844632768361582,0.2877824858757062,0.0,0.0,0.0,0.0,0.0,0.0,0.0,0.00423728813559322,0.03177966101694915
88,Non Critical,9100,0.84,0.10307692307692308,0.0,0.00012251899044351874,0.0,0.00012251899044351874,0.0,0.0,0.0,0.02142857142857143,0.00967032967032967
14,Critical,3770,0.9241379310344827,0.052519893899204244,0.0,0.0,0.0,0.0,0.0,0.0,0.0,0.0,0.042440318302387266
112,Non Critical,7627,0.9933132293169005,0.0726366854595516,0.0,0.0,0.0,0.0,0.0,0.0,0.0,0.04064507670119313,0.011406844106463879
114,Serious,14023,0.9968622976538544,0.034871282892391074,0.0,7.388798581350672e-05,0.0,7.388798581350672e-05,0.0,0.0,0.0,0.038222919489410256,0.02032375383298866
75,Critical,10858,0.9963160803094493,0.033707865168539325,0.0,0.0,0.0,0.0,0.0,0.0,0.0,0.015196168723521827,0.04586480014735679
79,Critical,4737,0.9856449229470129,0.034621068186616,0.0,0.0,0.0,0.0,0.0,0.0,0.0,0.0,0.04623179227359088
61,Critical,2980,0.9714765100671141,0.02181208053691275,0.0,0.0,0.0,0.0,0.0,0.0,0.0,0.010067114093959731,0.04261744966442953
42,Non Critical,22911,0.9717602898171184,0.21177600279341802,0.0,0.0,0.0,0.0,0.0,0.0,0.0,0.01789533411898215,0.009471432936144211
70,Non Critical,17276,0.9349386432044454,0.09718684880759434,0.0,0.0,5.788376939106274e-05,0.0,0.0,0.0,0.0,0.008103727714748784,0.007467006251447094
121,Serious,6841,0.9937143692442625,0.02865078204940798,0.0,0.0,0.0,0.0,0.0,0.0,0.00116941967548604,0.00672416313404473,0.0233883935097208
66,Non Critical,8984,0.921193232413179,0.07535618878005343,0.0,0.0,0.0,0.0,0.0,0.0,0.0,0.007123775601068566,0.009572573463935885
94,Critical,1855,0.9983827493261456,0.036657681940700806,0.0,0.0,0.0,0.0,0.0,0.0,0.0016172506738544475,0.0,0.03881401617250674
77,Non Critical,12313,0.987574108665638,0.09835133598635588,0.0,0.0,0.0,0.0,0.0,0.0,0.0,0.006009908227077073,0.008121497604158206
13,Non Critical,17617,0.961400919566328,0.18788670034625646,0.0,0.0,0.0,0.0,0.0,0.0,0.0,0.0,0.009536243401260146
19,Critical,2372,0.9666947723440135,0.0290893760539629,0.0,0.0,0.0,0.0,0.0,0.0,0.003372681281618887,0.010539629005059023,0.03920741989881956
105,Non Critical,12718,0.647743355873565,0.07933637364365466,0.0,8.540438978563499e-05,0.0,8.540438978563499e-05,0.0,0.0,0.00047177229124076113,0.0,0.009907218116055983
107,Non Critical,11013,0.9978207572868428,0.10024516480523019,0.0,0.00010091835704914725,9.080177971488241e-05,0.0,0.0,0.0,0.0,0.014528284754381187,0.015163897212385364
45,Non Critical,9976,0.9860665597433841,0.10996391339214114,0.0,0.0,0.0,0.0,0.0,0.0,0.00040096230954290296,0.08089414595028067,0.01343223736968725
115,Critical,4180,0.9992822966507177,0.02200956937799043,0.0,0.0002446183953033268,0.00023923444976076556,0.0,0.0,0.0,0.0,0.0016746411483253589,0.03301435406698565
30,Critical,1982,0.9939455095862765,0.016145307769929364,0.0,0.0,0.0,0.0,0.0,0.0,0.0,0.0,0.03834510595358224
83,Critical,4513,0.9550188344781742,0.021715045424329713,0.0,0.0,0.0,0.0,0.0,0.0,0.0,0.0017726567693330379,0.03434522490582761
32,Serious,7980,0.9591478696741854,0.0456140350877193,0.0,0.0,0.0,0.0,0.0,0.0,0.0013784461152882206,0.0,0.02431077694235589
6,Critical,2092,0.8556405353728489,0.026290630975143402,0.0,0.0,0.0,0.0,0.0,0.0,0.0,0.0,0.044933078393881457
76,Serious,2451,0.9404324765401877,0.03998368013055895,0.0,0.0,0.0,0.0,0.0,0.0,0.0,0.0,0.015503875968992248
26,Critical,1281,0.9203747072599532,0.06869633099141297,0.0,0.0,0.0,0.0,0.0,0.0,0.0,0.0,0.06791569086651054
22,Critical,101,0.8811881188118812,0.0297029702970297,0.0,0.0,0.0,0.0,0.0,0.0,0.0,0.8811881188118812,0.09900990099009901
116,Critical,647,0.9969088098918083,0.021638330757341576,0.0,0.0,0.0,0.0,0.0,0.0,0.0,0.0015455950540958269,0.04327666151468315
24,Non CIP,133307,0.9777205998184642,0.3903695979956041,0.0,1.2304966284392381e-05,0.0,1.2304966284392381e-05,1.2304966284392381e-05,0.0,0.0,0.009226822297403738,0.0712340687285739
83,Non CIP,191886,0.9590694474844439,0.3661757501850057,0.0,8.222196642054892e-06,5.2114276184818065e-06,8.222196642054892e-06,0.0,0.0,0.0,0.001964708212167641,0.049388699540352084
71,Non Critical,12741,0.9591868770112236,0.10729142139549486,0.0,0.0,0.0,0.0,0.0,0.0,0.0,0.009575386547366768,0.009104465897496273
30,Non CIP,94287,0.9932440315207823,0.2771750082195849,0.0,1.4672868399043329e-05,1.0605915979933607e-05,0.0,0.0,0.0,0.0,0.0,0.06505668862091274
14,Non CIP,287463,0.9506440828906677,0.5849970257041776,0.0,5.029422119398481e-05,2.43509599496283e-05,5.029422119398481e-05,0.0,0.0,0.0,0.0,0.05326598553552979
75,Non CIP,361977,0.9932675280473622,0.4514071336024112,0.0,5.035804570496228e-06,2.7626064639466045e-06,5.035804570496228e-06,0.0,0.0,1.933824524762623e-05,0.012705227127690434,0.07640816957983518
115,Non CIP,210182,0.99520891417914,0.35043914321873426,0.0,1.4649224323572067e-05,2.3788906757001075e-05,7.3246121617860335e-06,0.0,0.0,9.51556270280043e-06,0.011842117783635135,0.041211902065828664
19,Non CIP,228103,0.9558445088403046,0.43520251816065547,0.0,7.762046696472926e-06,4.383984428087311e-06,2.3286140089418778e-05,0.0,0.0,0.0076675887647247075,0.016816964266142927,0.058043953827876006
6,Non CIP,128293,0.8811236778312145,0.37731598762208385,0.0,6.258918959517312e-05,3.117863016688362e-05,2.5035675838069248e-05,0.0,0.0,0.0,0.0,0.06183501827847194
61,Non CIP,189392,0.9636732280138549,0.3906289600405508,0.0,8.664760419374404e-06,2.1120216271014614e-05,0.0,0.0,0.0,0.0006230463799949312,0.02079285291881389,0.051396046295514065
79,Non CIP,168954,0.972270558850338,0.325698119014643,0.0,4.388813791408458e-05,1.7756312369047198e-05,3.511051033126766e-05,0.0,0.0,0.0,0.0,0.07373604649786332
94,Non CIP,97833,0.9946541555507855,0.3414798687559413,0.0,0.0,2.04429998057915e-05,0.0,0.0,0.0,0.005028977952224709,0.0,0.056903089959420644
26,Non CIP,87715,0.9516730319785669,0.3649090805449467,0.0,1.7951065395731238e-05,0.0,1.7951065395731238e-05,0.0,0.0,0.0,0.0,0.06180242831898763
67,Non Critical,22234,0.9374831339390123,0.08837815957542502,0.0,4.933642508263851e-05,0.0,4.933642508263851e-05,0.0,0.0,0.0,0.006971305208239633,0.004677520913915625
33,Non Critical,10557,0.9904328881310979,0.13403429004452022,0.0,0.0,0.0,0.0,0.0,0.0,0.0012314104385715639,0.0033153357961542107,0.006725395472198541
62,Serious,7221,0.9770114942528736,0.03379033374878826,0.0,0.00014332807797047442,0.00013848497438027975,0.0,0.0,0.0,0.0,0.0019387896413239163,0.02077274615704196
10,Critical,2012,0.9329025844930418,0.03628230616302187,0.0,0.0,0.0,0.0,0.0,0.0,0.0,0.0,0.04721669980119284
81,Non Critical,11170,0.8517457475380483,0.10653536257833482,0.0,0.0,0.0,0.0,0.0,0.0,0.0,0.0,0.010116383169203222
34,Serious,8381,0.9992840949767331,0.04999403412480611,0.0,0.0,0.0,0.0,0.0,0.0,0.00023863500775563775,0.027443025891898343,0.020522610666984846
72,Serious,6533,0.977498851982244,0.040563294045614574,0.0,0.0,0.0,0.0,0.0,0.0,0.0,0.008418796877391704,0.021123526710546455
102,Critical,3582,0.9946957007258515,0.01619207146845338,0.0,0.0,0.0,0.0,0.0,0.0,0.0,0.012841987716359575,0.03740926856504746
41,Non Critical,13335,0.9504311961004874,0.1114360704911886,0.0,0.0,0.0,0.0,0.0,0.0,0.0,7.499062617172853e-05,0.008023997000374953
50,Serious,6531,0.9920379727453682,0.06951462256928495,0.0,0.0,0.0,0.0,0.0,0.0,0.0001531159087429184,0.06507426121574031,0.023120502220180677
52,Serious,13726,0.8910826169313711,0.0668803730147166,0.0,0.0,0.0,0.0,0.0,0.0,0.0,0.023240565350429843,0.021273495555879353
104,Critical,2770,0.992057761732852,0.011552346570397111,0.0,0.0,0.0,0.0,0.0,0.0,0.0,0.018772563176895306,0.04332129963898917
101,Serious,5680,0.9829225352112676,0.024295774647887323,0.0,0.0,0.0,0.0,0.0,0.0,0.0,0.002640845070422535,0.027112676056338027
43,Critical,6544,0.9893031784841075,0.030715158924205378,0.0,0.0,0.0,0.0,0.0,0.0,0.0,0.00993276283618582,0.04874694376528117
46,Serious,15024,0.9486821086261981,0.09491480298189563,0.0,0.0,0.0,0.0,0.0,0.0,0.0,0.0,0.024826943556975505
20,Non Critical,7567,0.9612792388000528,0.13453151843531122,0.0,0.00015269506794930523,0.0,0.00015269506794930523,0.0,0.0,0.0,0.012554513017047707,0.010704374256640677
110,Critical,4352,0.8467371323529411,0.018612132352941176,0.0,0.0,0.0,0.0,0.0,0.0,0.0,0.04204963235294118,0.03515625
84,Non Critical,13267,0.9715082535614683,0.12512248435968945,0.0,0.0,0.0,0.0,0.0,0.0,0.0010552498680937664,0.0015074998115625236,0.007838999020125123
18,Serious,16714,0.976726097882015,0.12384827091061386,0.0,0.0,0.0,0.0,0.0,0.0,0.0,0.008495871724302979,0.015914801962426707
69,Critical,2190,0.9812785388127854,0.013242009132420091,0.0,0.0,0.0,0.0,0.0,0.0,0.0,0.025570776255707764,0.055251141552511415
9,Critical,2742,0.9018964259664478,0.02954048140043764,0.0,0.0,0.0,0.0,0.0,0.0,0.0,0.0,0.031363967906637494
22,Non CIP,9381,0.9277262551966742,0.23462317450165227,0.0,0.0,0.0,0.0,0.0,0.0,0.0,0.9277262551966742,0.055537789148278435
25,Serious,6703,0.9703118006862599,0.07951663434283157,0.0,0.0,0.0,0.0,0.0,0.0,0.0019394301059227211,0.05385648217216172,0.024615843652096077
5,Critical,1869,0.9588014981273408,0.027822364901016586,0.0,0.0,0.0,0.0,0.0,0.0,0.0,0.0,0.04975922953451043
120,Critical,3961,0.9957081545064378,0.01792476647311285,0.0,0.0002570694087403599,0.00025246149962130775,0.0,0.0,0.0,0.0,0.0017672304973491543,0.049229992426155014
0,Non Critical,8,0.0,0.625,0.0,0.0,0.0,0.0,0.0,0.0,0.0,0.125,0.0
116,Non CIP,42802,0.9849072473248913,0.35031073314331107,0.0,3.5960874568469505e-05,0.0,3.5960874568469505e-05,0.0,0.0,0.00018690715387131442,0.0006541750385496005,0.05380589692070464
40,Non CIP,324783,0.9694873192254521,0.5131888060643568,0.0,1.8974371948288512e-05,1.5394894437208843e-05,0.0,3.1623953247147516e-05,0.0,0.00010776426106046191,2.4631831099534152e-05,0.0601293786928503
25,Non Critical,14261,0.9709697777154477,0.2072084706542318,0.0,0.0,0.0,0.0,0.0,0.0,0.0014024261973213659,0.02966131407334689,0.006030432648481874
103,Non CIP,241304,0.968351125551172,0.3957414713390578,0.0,2.0574720526712845e-05,1.243245035308159e-05,2.0574720526712845e-05,0.0,0.0,0.0,0.0,0.06314855949341909
46,Non Critical,28234,0.9648296380250762,0.22812920592193808,0.0,0.0,0.0,4.5886293764052676e-05,0.0,0.0,0.0,0.0,0.005418998370758659
28,Non CIP,126886,0.950357013382091,0.4301814226943871,0.0,0.0,0.0,0.0,0.0,0.0,0.0,0.0018520561764103212,0.07333354349573633
90,Non CIP,169631,0.9782645860721213,0.3603999269001539,0.0,1.8433859312785724e-05,5.895148881985015e-06,2.7650788969178588e-05,0.0,0.0,0.000406765272856966,0.00021812050863344553,0.052154382158921424
78,Non CIP,118964,0.9718065969537003,0.43835109781110254,0.0,0.0,1.6811808614370733e-05,0.0,0.0,0.0,0.0,0.029403853266534413,0.05657173598735752
47,Non CIP,274357,0.9936105147672558,0.4346016321799699,0.0,6.4465804114207615e-06,1.093465812791363e-05,1.2893160822841523e-05,1.9339741234262285e-05,0.0,0.002073940158260952,0.018822191524181995,0.07085658466888033
81,Serious,6198,0.8517263633430139,0.043239754759599874,0.0,0.0,0.0,0.0,0.0,0.0,0.0,0.0,0.020006453694740238
63,Critical,2081,0.9697260932244114,0.014896684286400768,0.0,0.0,0.0,0.0,0.0,0.0,0.0,0.016818837097549257,0.035079288803459875
1,Non CIP,200439,0.9815854200030932,0.41860117043090417,0.0,3.432445188140902e-05,1.4967147112088964e-05,2.5743338911056765e-05,0.0,0.0,0.0011524703276308502,0.022550501648880707,0.05380689386795983
122,Non CIP,143016,0.9791631705543435,0.3697068859428316,0.0,1.1093607863149254e-05,0.0,1.1093607863149254e-05,0.0,0.0,0.004509984896794764,0.01254405101527102,0.07088717346310902
33,Serious,5517,0.9844118180170383,0.05183976798984956,0.0,0.0,0.0,0.0,0.0,0.0,0.001993837230378829,0.0036251586006887803,0.01993837230378829
108,Non CIP,193075,0.990076395183219,0.3195649359057361,0.0,3.8058991436726926e-05,5.179334455522465e-06,4.567078972407231e-05,7.611798287345385e-06,0.0,0.0010876602356597177,0.019899002978117312,0.049027579955975654
44,Critical,9761,0.9886282143223031,0.048765495338592355,0.0,0.00010770059235325795,0.0,0.00010770059235325795,0.0,0.0,0.00010244851961889151,0.026841512140149574,0.038520643376703204
67,Serious,10554,0.9413492514686375,0.03259427705135494,0.0,9.79431929480901e-05,9.475080538184574e-05,0.0,0.0,0.0,0.0,0.009948834565093803,0.022455940875497443
100,Non CIP,70114,0.9890464101320706,0.2558832758079699,0.0,0.0,0.0,0.0,0.0,0.0,0.006503693984083065,0.011238839604073366,0.0870724819579542
48,Critical,7460,0.9687667560321715,0.03190348525469169,0.0,0.0,0.0,0.0,0.0,0.0,0.0,0.019571045576407507,0.03847184986595174
18,Non Critical,21389,0.9553508812941232,0.27322455467763807,0.0,0.0001286587327114828,4.675300388049932e-05,6.43293663557414e-05,0.0,0.0,0.0,0.023282995932488663,0.005657113469540418
84,Serious,8214,0.9674945215485756,0.05454102751400049,0.0,0.0,0.0,0.0,0.0,0.0,0.002191380569758948,0.001582663744825907,0.016070124178232285
52,Non Critical,27204,0.9583149536832819,0.15545508013527423,0.0,0.0,0.0,0.0,0.0,0.0,0.0,0.020842523158359064,0.0051463020144096455
34,Non Critical,12171,0.9996713499301618,0.1029496343767973,0.0,0.0,0.0,0.0,0.0,0.0,0.0,0.02719579327910607,0.007969764193574891
109,Critical,4411,0.9970528224892314,0.01677624121514396,0.0,0.0,0.0,0.0,0.0,0.0,0.0004534119247336205,0.004534119247336205,0.04987531172069826
71,Serious,6385,0.9614722004698513,0.0485512920908379,0.0,0.0,0.0,0.0,0.0,0.0,0.0,0.00798747063429914,0.028504306969459672
20,Serious,6564,0.9844606946983546,0.0578915295551493,0.0,0.0,0.0,0.0,0.0,0.0,0.0,0.004113345521023766,0.020871419865935405
72,Non Critical,10942,0.9743191372692378,0.10436848839334674,0.0,0.0,0.0,0.0,0.0,0.0,0.0,0.00868214220435021,0.009230488027782854
49,Critical,4325,0.9757225433526011,0.03052023121387283,0.0,0.0,0.00023121387283236994,0.0,0.0,0.0,0.0,0.07052023121387284,0.04161849710982659
62,Non Critical,10228,0.9714509190457568,0.09219788815017599,0.0,0.0,0.0,0.0,0.0,0.0,0.0,0.0026398122800156435,0.011439186546734455
111,Critical,1294,0.9860896445131375,0.01777434312210201,0.0,0.0,0.0,0.0,0.0,0.0,0.0,0.019319938176197836,0.05332302936630603
41,Serious,6887,0.9536808479744446,0.04472193988674314,0.0,0.0,0.0,0.0,0.0,0.0,0.0,0.0,0.02555539422099608
7,Critical,1711,0.983635300993571,0.03272939801285798,0.0,0.0,0.0,0.0,0.0,0.0,0.0,0.0,0.06253652834599649
101,Non Critical,10367,0.9879425098871419,0.06472460692582233,0.0,0.00010313531353135314,0.0,0.00010313531353135314,0.0,0.0,0.0,0.0025079579434744864,0.007813253593132053
50,Non Critical,8888,0.9914491449144914,0.12184968496849685,0.0,0.0,0.0,0.0,0.0,0.0,0.0,0.038253825382538256,0.009113411341134114
123,Critical,954,0.9842767295597484,0.011530398322851153,0.0,0.0,0.0,0.0,0.0,0.0,0.0,0.008385744234800839,0.03668763102725367
68,Critical,1826,0.9972617743702081,0.033953997809419496,0.0,0.0,0.0,0.0,0.0,0.0,0.001095290251916758,0.0032858707557502738,0.03943044906900329
17,Critical,1150,0.9078260869565218,0.028695652173913042,0.0,0.0,0.0,0.0,0.0,0.0,0.0,0.008695652173913044,0.042608695652173914
0,Serious,5,0.0,0.6,0.0,0.0,0.0,0.0,0.0,0.0,0.0,0.2,0.0
