nbhd,priority,calls,with_arrival,no_arrival_share,median_wait,p90_wait,name,area
BK0101,Critical,783,761,0.0280970625798212,3.9,8.316666666666666,Greenpoint,Brooklyn
BK0101,Non CIP,41766,27085,0.3515060096729397,17.283333333333335,83.83666666666673,Greenpoint,Brooklyn
BK0101,Non Critical,3252,2942,0.0953259532595326,8.3,33.13166666666667,Greenpoint,Brooklyn
BK0101,Serious,1803,1715,0.048252911813643926,5.15,15.033333333333333,Greenpoint,Brooklyn
BK0102,Critical,1511,1479,0.021178027796161483,3.75,8.0,Williamsburg,Brooklyn
BK0102,Non CIP,72299,46775,0.3530200970967787,17.916666666666668,89.1,Williamsburg,Brooklyn
BK0102,Non Critical,5905,5191,0.12091447925486876,7.966666666666667,34.333333333333336,Williamsburg,Brooklyn
BK0102,Serious,4097,3899,0.048328044910910424,5.166666666666667,15.25,Williamsburg,Brooklyn
BK0103,Critical,535,521,0.026168224299065422,4.316666666666666,9.35,South Williamsburg,Brooklyn
BK0103,Non CIP,27762,16971,0.3886967797709099,22.666666666666668,101.5,South Williamsburg,Brooklyn
BK0103,Non Critical,1477,1277,0.13540961408259986,8.7,38.98666666666667,South Williamsburg,Brooklyn
BK0103,Serious,877,843,0.03876852907639681,5.283333333333333,14.693333333333346,South Williamsburg,Brooklyn
BK0104,Critical,1922,1867,0.02861602497398543,3.8333333333333335,9.130000000000004,East Williamsburg,Brooklyn
BK0104,Non CIP,97120,65738,0.3231157331136738,16.95,82.32166666666672,East Williamsburg,Brooklyn
BK0104,Non Critical,7318,6475,0.11519540858157967,8.566666666666666,39.33000000000002,East Williamsburg,Brooklyn
BK0104,Serious,3787,3651,0.03591233166094534,4.866666666666666,14.3,East Williamsburg,Brooklyn
BK0201,Critical,295,290,0.01694915254237288,4.333333333333333,10.523333333333342,Brooklyn Heights,Brooklyn
BK0201,Non CIP,30548,19204,0.37135000654707345,20.916666666666668,95.82833333333335,Brooklyn Heights,Brooklyn
BK0201,Non Critical,1803,1602,0.11148086522462562,9.891666666666666,35.70000000000002,Brooklyn Heights,Brooklyn
BK0201,Serious,1623,1518,0.06469500924214418,6.541666666666666,20.243333333333332,Brooklyn Heights,Brooklyn
BK0202,Critical,1637,1612,0.015271838729383017,4.066666666666666,10.761666666666672,Downtown Brooklyn-DUMBO-Boerum Hill,Brooklyn
BK0202,Non CIP,136900,87584,0.3602337472607743,15.3,89.71166666666662,Downtown Brooklyn-DUMBO-Boerum Hill,Brooklyn
BK0202,Non Critical,10867,9536,0.12248090549369652,9.008333333333333,35.05833333333334,Downtown Brooklyn-DUMBO-Boerum Hill,Brooklyn
BK0202,Serious,6179,5860,0.05162647677617738,5.816666666666666,17.45166666666667,Downtown Brooklyn-DUMBO-Boerum Hill,Brooklyn
BK0203,Critical,1100,1074,0.023636363636363636,4.1,10.380000000000004,Fort Greene,Brooklyn
BK0203,Non CIP,67721,45815,0.32347425466251234,15.9,84.5933333333333,Fort Greene,Brooklyn
BK0203,Non Critical,5827,5110,0.12287626565985928,8.958333333333332,35.773333333333355,Fort Greene,Brooklyn
BK0203,Serious,3708,3502,0.05555555555555555,5.45,15.831666666666669,Fort Greene,Brooklyn
BK0204,Critical,509,495,0.0275049115913556,3.8666666666666667,9.81666666666667,Clinton Hill,Brooklyn
BK0204,Non CIP,27404,18894,0.31053860750255435,17.45,83.76666666666667,Clinton Hill,Brooklyn
BK0204,Non Critical,2017,1811,0.10213187902825979,9.966666666666667,38.6,Clinton Hill,Brooklyn
BK0204,Serious,802,771,0.03865336658354115,5.45,14.5,Clinton Hill,Brooklyn
BK0301,Critical,3481,3370,0.03188738868141339,4.016666666666667,10.35,Bedford-Stuyvesant (West),Brooklyn
BK0301,Non CIP,118258,80421,0.31991070371560487,16.766666666666666,91.18333333333334,Bedford-Stuyvesant (West),Brooklyn
BK0301,Non Critical,11141,9704,0.12898303563414415,10.091666666666667,46.14000000000002,Bedford-Stuyvesant (West),Brooklyn
BK0301,Serious,7287,6855,0.059283655825442566,5.85,21.083333333333332,Bedford-Stuyvesant (West),Brooklyn
BK0302,Critical,3441,3351,0.026155187445510025,4.033333333333333,9.9,Bedford-Stuyvesant (East),Brooklyn
BK0302,Non CIP,120620,82022,0.3199801028021887,18.433333333333334,93.28333333333333,Bedford-Stuyvesant (East),Brooklyn
BK0302,Non Critical,11878,10506,0.11550766122242802,8.616666666666667,37.95,Bedford-Stuyvesant (East),Brooklyn
BK0302,Serious,6523,6244,0.04277173079871225,5.366666666666666,15.994999999999997,Bedford-Stuyvesant (East),Brooklyn
BK0401,Critical,2060,2017,0.02087378640776699,4.216666666666667,9.94666666666667,Bushwick (West),Brooklyn
BK0401,Non CIP,95586,60691,0.36506392149477956,21.166666666666668,103.3,Bushwick (West),Brooklyn
BK0401,Non Critical,7846,7028,0.10425694621463166,9.6,42.686666666666675,Bushwick (West),Brooklyn
BK0401,Serious,3943,3803,0.03550595992898808,5.5,17.083333333333332,Bushwick (West),Brooklyn
BK0402,Critical,2355,2197,0.06709129511677282,4.45,11.25,Bushwick (East),Brooklyn
BK0402,Non CIP,81360,53355,0.34419862340216323,22.45,109.40999999999998,Bushwick (East),Brooklyn
BK0402,Non Critical,7479,6704,0.10362347907474262,10.116666666666667,44.60499999999997,Bushwick (East),Brooklyn
BK0402,Serious,3959,3797,0.04091942409699419,5.783333333333333,17.916666666666682,Bushwick (East),Brooklyn
BK0501,Critical,1848,1791,0.030844155844155844,5.833333333333333,16.366666666666667,Cypress Hills,Brooklyn
BK0501,Non CIP,51036,27985,0.4516615722235285,41.583333333333336,192.89333333333337,Cypress Hills,Brooklyn
BK0501,Non Critical,4957,3951,0.20274359491628,19.933333333333334,89.16666666666667,Cypress Hills,Brooklyn
BK0501,Serious,2839,2696,0.05036984853821768,8.958333333333332,35.45833333333333,Cypress Hills,Brooklyn
BK0502,Critical,2497,2407,0.03604325190228274,5.583333333333333,17.543333333333347,East New York (North),Brooklyn
BK0502,Non CIP,79974,43488,0.45622327256358314,35.28333333333333,187.97166666666672,East New York (North),Brooklyn
BK0502,Non Critical,7839,6221,0.2064038780456691,17.983333333333334,91.23333333333333,East New York (North),Brooklyn
BK0502,Serious,4410,4157,0.057369614512471655,8.2,31.58666666666667,East New York (North),Brooklyn
BK0503,Critical,2724,2637,0.031938325991189426,6.016666666666667,18.506666666666668,East New York-New Lots,Brooklyn
BK0503,Non CIP,95124,53698,0.43549472267776795,32.4,173.5,East New York-New Lots,Brooklyn
BK0503,Non Critical,8771,7069,0.1940485691483297,18.15,85.19333333333333,East New York-New Lots,Brooklyn
BK0503,Serious,5229,4843,0.07381908586727864,9.133333333333333,34.62666666666667,East New York-New Lots,Brooklyn
BK0504,Critical,483,473,0.020703933747412008,7.15,21.076666666666675,Spring Creek-Starrett City,Brooklyn
BK0504,Non CIP,31164,16698,0.4641894493646515,41.733333333333334,178.35333333333358,Spring Creek-Starrett City,Brooklyn
BK0504,Non Critical,1978,1577,0.20273003033367037,21.666666666666668,87.33666666666667,Spring Creek-Starrett City,Brooklyn
BK0504,Serious,2147,1922,0.1047973917093619,11.783333333333333,45.256666666666675,Spring Creek-Starrett City,Brooklyn
BK0505,Critical,1967,1918,0.02491103202846975,5.9,17.4,East New York-City Line,Brooklyn
BK0505,Non CIP,65531,36595,0.44154674886694845,31.483333333333334,169.79333333333332,East New York-City Line,Brooklyn
BK0505,Non Critical,6196,4912,0.20723047127178826,18.583333333333332,86.0266666666667,East New York-City Line,Brooklyn
BK0505,Serious,3503,3302,0.05737938909506138,8.8,34.20833333333334,East New York-City Line,Brooklyn
BK0601,Critical,1594,1542,0.03262233375156838,3.75,8.781666666666668,Carroll Gardens-Cobble Hill-Gowanus-Red Hook,Brooklyn
BK0601,Non CIP,92132,55652,0.3959319237615595,15.65,77.18333333333334,Carroll Gardens-Cobble Hill-Gowanus-Red Hook,Brooklyn
BK0601,Non Critical,6089,5390,0.11479717523402858,8.133333333333333,31.103333333333346,Carroll Gardens-Cobble Hill-Gowanus-Red Hook,Brooklyn
BK0601,Serious,3115,3003,0.035955056179775284,5.266666666666667,14.586666666666678,Carroll Gardens-Cobble Hill-Gowanus-Red Hook,Brooklyn
BK0602,Critical,761,740,0.02759526938239159,3.7,7.956666666666669,Park Slope,Brooklyn
BK0602,Non CIP,59270,33208,0.43971655137506327,16.8,84.48833333333332,Park Slope,Brooklyn
BK0602,Non Critical,4310,3757,0.1283062645011601,7.933333333333334,30.53,Park Slope,Brooklyn
BK0602,Serious,2355,2218,0.058174097664543525,4.95,13.3,Park Slope,Brooklyn
BK0701,Critical,209,204,0.023923444976076555,5.375,10.500000000000005,Windsor Terrace-South Slope,Brooklyn
BK0701,Non CIP,17111,9393,0.45105487697972063,30.583333333333332,141.26333333333335,Windsor Terrace-South Slope,Brooklyn
BK0701,Non Critical,801,710,0.1136079900124844,11.45,46.575,Windsor Terrace-South Slope,Brooklyn
BK0701,Serious,526,503,0.043726235741444866,6.466666666666667,17.86333333333334,Windsor Terrace-South Slope,Brooklyn
BK0702,Critical,1180,1156,0.020338983050847456,3.35,7.966666666666667,Sunset Park (West),Brooklyn
BK0702,Non CIP,90605,52471,0.420870812869047,22.083333333333332,118.46666666666667,Sunset Park (West),Brooklyn
BK0702,Non Critical,6145,5548,0.09715215622457282,7.166666666666667,33.11000000000001,Sunset Park (West),Brooklyn
BK0702,Serious,3567,3435,0.03700588730025231,4.766666666666667,15.36,Sunset Park (West),Brooklyn
BK0703,Critical,880,842,0.04318181818181818,3.933333333333333,11.841666666666665,Sunset Park (Central),Brooklyn
BK0703,Non CIP,44343,26344,0.40590397582482013,24.583333333333332,132.11166666666668,Sunset Park (Central),Brooklyn
BK0703,Non Critical,2947,2653,0.0997624703087886,8.166666666666666,44.273333333333355,Sunset Park (Central),Brooklyn
BK0703,Serious,1913,1834,0.041296393099843176,4.983333333333333,16.925000000000004,Sunset Park (Central),Brooklyn
BK0801,Critical,359,350,0.025069637883008356,4.158333333333333,10.036666666666672,Prospect Heights,Brooklyn
BK0801,Non CIP,24539,14969,0.38999144219405846,20.933333333333334,115.12,Prospect Heights,Brooklyn
BK0801,Non Critical,1649,1469,0.1091570648878108,10.766666666666667,46.51666666666668,Prospect Heights,Brooklyn
BK0801,Serious,834,789,0.0539568345323741,5.6,17.35,Prospect Heights,Brooklyn
BK0802,Critical,3409,3231,0.05221472572601936,4.766666666666667,13.75,Crown Heights (North),Brooklyn
BK0802,Non CIP,123754,85579,0.30845871648593176,25.75,140.85333333333327,Crown Heights (North),Brooklyn
BK0802,Non Critical,11341,10086,0.11066043558769068,11.941666666666666,56.5,Crown Heights (North),Brooklyn
BK0802,Serious,5772,5523,0.04313929313929314,6.516666666666667,22.033333333333335,Crown Heights (North),Brooklyn
BK0901,Critical,1234,1196,0.03079416531604538,4.558333333333334,13.308333333333334,Crown Heights (South),Brooklyn
BK0901,Non CIP,57573,37188,0.3540722213537596,32.11666666666667,192.40500000000006,Crown Heights (South),Brooklyn
BK0901,Non Critical,4852,4412,0.09068425391591096,11.766666666666667,70.98,Crown Heights (South),Brooklyn
BK0901,Serious,2400,2318,0.034166666666666665,5.816666666666666,20.833333333333332,Crown Heights (South),Brooklyn
BK0902,Critical,1635,1539,0.05871559633027523,4.766666666666667,14.970000000000018,Prospect Lefferts Gardens-Wingate,Brooklyn
BK0902,Non CIP,71713,46581,0.35042460920614116,32.05,200.7,Prospect Lefferts Gardens-Wingate,Brooklyn
BK0902,Non Critical,6475,5739,0.11366795366795367,12.633333333333333,70.36666666666666,Prospect Lefferts Gardens-Wingate,Brooklyn
BK0902,Serious,3455,3268,0.05412445730824891,6.4,21.933333333333334,Prospect Lefferts Gardens-Wingate,Brooklyn
BK1001,Critical,1095,1072,0.021004566210045664,3.6,8.365,Bay Ridge,Brooklyn
BK1001,Non CIP,99697,60104,0.39713331394124196,22.533333333333335,110.16666666666667,Bay Ridge,Brooklyn
BK1001,Non Critical,5268,4897,0.07042520880789674,7.416666666666667,33.65,Bay Ridge,Brooklyn
BK1001,Serious,4117,3980,0.03327665776050522,4.733333333333333,13.151666666666666,Bay Ridge,Brooklyn
BK1002,Critical,512,488,0.046875,4.2,10.586666666666668,Dyker Heights,Brooklyn
BK1002,Non CIP,37298,22739,0.39031583462920266,27.133333333333333,126.22333333333336,Dyker Heights,Brooklyn
BK1002,Non Critical,1635,1529,0.06483180428134556,8.866666666666667,39.81,Dyker Heights,Brooklyn
BK1002,Serious,1852,1777,0.04049676025917927,5.516666666666667,15.523333333333335,Dyker Heights,Brooklyn
BK1101,Critical,1049,1041,0.0076263107721639654,4.1,7.95,Bensonhurst,Brooklyn
BK1101,Non CIP,75210,46246,0.38509506714532643,26.34166666666667,131.63333333333333,Bensonhurst,Brooklyn
BK1101,Non Critical,4775,4343,0.09047120418848167,9.016666666666667,39.916666666666664,Bensonhurst,Brooklyn
BK1101,Serious,3123,3020,0.03266090297790586,5.3,15.061666666666657,Bensonhurst,Brooklyn
BK1102,Critical,283,281,0.007067137809187279,3.5833333333333335,7.466666666666667,Bath Beach,Brooklyn
BK1102,Non CIP,27528,16841,0.3882229003196745,24.416666666666668,126.38333333333334,Bath Beach,Brooklyn
BK1102,Non Critical,1388,1265,0.08861671469740634,8.266666666666667,38.193333333333335,Bath Beach,Brooklyn
BK1102,Serious,1278,1225,0.041471048513302036,5.066666666666666,14.556666666666688,Bath Beach,Brooklyn
BK1103,Critical,579,570,0.015544041450777202,4.333333333333333,9.550000000000004,Gravesend (West),Brooklyn
BK1103,Non CIP,43813,26666,0.39136785885467784,26.608333333333334,132.61666666666667,Gravesend (West),Brooklyn
BK1103,Non Critical,2701,2459,0.08959644576082933,9.416666666666666,43.620000000000026,Gravesend (West),Brooklyn
BK1103,Serious,1988,1925,0.03169014084507042,5.7,15.466666666666667,Gravesend (West),Brooklyn
BK1201,Critical,660,617,0.06515151515151515,5.3,15.98333333333332,Sunset Park (East)-Borough Park (West),Brooklyn
BK1201,Non CIP,29079,19923,0.3148320093538292,32.666666666666664,169.63,Sunset Park (East)-Borough Park (West),Brooklyn
BK1201,Non Critical,2056,1867,0.09192607003891051,8.816666666666666,38.77333333333333,Sunset Park (East)-Borough Park (West),Brooklyn
BK1201,Serious,1070,1041,0.027102803738317756,5.883333333333334,17.05,Sunset Park (East)-Borough Park (West),Brooklyn
BK1202,Critical,689,676,0.018867924528301886,4.491666666666667,10.508333333333333,Borough Park,Brooklyn
BK1202,Non CIP,46115,30271,0.34357584300119265,33.46666666666667,164.91666666666666,Borough Park,Brooklyn
BK1202,Non Critical,2447,2246,0.08214139762975071,8.691666666666666,37.099999999999994,Borough Park,Brooklyn
BK1202,Serious,1332,1299,0.024774774774774775,5.85,14.883333333333345,Borough Park,Brooklyn
BK1203,Critical,469,461,0.017057569296375266,4.983333333333333,11.133333333333333,Kensington,Brooklyn
BK1203,Non CIP,31539,21136,0.3298455880021561,31.916666666666668,168.96666666666667,Kensington,Brooklyn
BK1203,Non Critical,2020,1900,0.0594059405940594,9.566666666666666,45.70666666666669,Kensington,Brooklyn
BK1203,Serious,1056,1022,0.032196969696969696,5.983333333333333,16.424999999999997,Kensington,Brooklyn
BK1204,Critical,394,389,0.012690355329949238,5.25,12.16,Mapleton-Midwood (West),Brooklyn
BK1204,Non CIP,29739,19519,0.3435892262685363,35.78333333333333,164.48000000000005,Mapleton-Midwood (West),Brooklyn
BK1204,Non Critical,1508,1399,0.07228116710875332,9.566666666666666,44.080000000000005,Mapleton-Midwood (West),Brooklyn
BK1204,Serious,1180,1135,0.038135593220338986,6.683333333333334,20.653333333333343,Mapleton-Midwood (West),Brooklyn
BK1301,Critical,483,467,0.033126293995859216,5.466666666666667,14.890000000000006,Gravesend (South),Brooklyn
BK1301,Non CIP,32608,17948,0.4495829244357213,27.433333333333334,133.71166666666682,Gravesend (South),Brooklyn
BK1301,Non Critical,1861,1604,0.13809779688339602,11.1,51.24000000000002,Gravesend (South),Brooklyn
BK1301,Serious,1179,1115,0.0542832909245123,6.733333333333333,20.58000000000001,Gravesend (South),Brooklyn
BK1302,Critical,1461,1427,0.02327173169062286,4.316666666666666,10.483333333333333,Coney Island-Sea Gate,Brooklyn
BK1302,Non CIP,86450,49218,0.43066512434933485,17.866666666666667,106.58333333333333,Coney Island-Sea Gate,Brooklyn
BK1302,Non Critical,6253,5529,0.11578442347673117,8.583333333333334,37.253333333333316,Coney Island-Sea Gate,Brooklyn
BK1302,Serious,3989,3852,0.034344447229882176,5.383333333333334,15.133333333333333,Coney Island-Sea Gate,Brooklyn
BK1303,Critical,620,608,0.01935483870967742,4.291666666666666,11.751666666666685,Brighton Beach,Brooklyn
BK1303,Non CIP,40428,21401,0.47061442564559214,21.233333333333334,111.6,Brighton Beach,Brooklyn
BK1303,Non Critical,3353,2971,0.11392782582761705,8.883333333333333,36.45,Brighton Beach,Brooklyn
BK1303,Serious,1308,1269,0.02981651376146789,5.283333333333333,14.39666666666667,Brighton Beach,Brooklyn
BK1401,Critical,1855,1824,0.016711590296495958,4.233333333333333,11.861666666666668,Flatbush,Brooklyn
BK1401,Non CIP,86557,53932,0.3769077024388553,35.38333333333333,225.34333333333342,Flatbush,Brooklyn
BK1401,Non Critical,8178,7407,0.09427732942039618,10.25,59.60666666666672,Flatbush,Brooklyn
BK1401,Serious,4153,3994,0.03828557669154828,6.016666666666667,20.71166666666667,Flatbush,Brooklyn
BK1402,Critical,747,719,0.03748326639892905,4.45,12.376666666666672,Flatbush (West)-Ditmas Park-Parkville,Brooklyn
BK1402,Non CIP,42274,24774,0.41396603113024555,36.416666666666664,217.29000000000005,Flatbush (West)-Ditmas Park-Parkville,Brooklyn
BK1402,Non Critical,3129,2831,0.09523809523809523,9.733333333333333,46.483333333333334,Flatbush (West)-Ditmas Park-Parkville,Brooklyn
BK1402,Serious,2511,2398,0.04500199123855038,5.725,20.786666666666708,Flatbush (West)-Ditmas Park-Parkville,Brooklyn
BK1403,Critical,684,670,0.02046783625730994,4.916666666666667,11.376666666666669,Midwood,Brooklyn
BK1403,Non CIP,42966,26830,0.3755294884327142,46.03333333333333,244.28833333333344,Midwood,Brooklyn
BK1403,Non Critical,2941,2678,0.08942536552193131,10.458333333333332,57.69833333333337,Midwood,Brooklyn
BK1403,Serious,1445,1396,0.033910034602076124,6.125,20.21666666666667,Midwood,Brooklyn
BK1501,Critical,843,820,0.027283511269276393,4.466666666666667,10.870000000000001,Gravesend (East)-Homecrest,Brooklyn
BK1501,Non CIP,49419,31009,0.37250854934336997,31.066666666666666,164.12,Gravesend (East)-Homecrest,Brooklyn
BK1501,Non Critical,3009,2731,0.09238949817215021,10.45,49.583333333333336,Gravesend (East)-Homecrest,Brooklyn
BK1501,Serious,2156,2040,0.05380333951762523,6.116666666666666,20.05833333333337,Gravesend (East)-Homecrest,Brooklyn
BK1502,Critical,585,573,0.020512820512820513,4.433333333333334,11.266666666666678,Madison,Brooklyn
BK1502,Non CIP,35786,22484,0.37170960710892526,31.541666666666668,166.7566666666667,Madison,Brooklyn
BK1502,Non Critical,2526,2289,0.09382422802850356,10.516666666666667,52.120000000000054,Madison,Brooklyn
BK1502,Serious,2071,1934,0.06615161757605022,6.3916666666666675,21.05666666666667,Madison,Brooklyn
BK1503,Critical,1169,1148,0.017964071856287425,4.808333333333334,12.55,Sheepshead Bay-Manhattan Beach-Gerritsen Beach,Brooklyn
BK1503,Non CIP,70370,44336,0.36995878925678555,32.416666666666664,168.24166666666667,Sheepshead Bay-Manhattan Beach-Gerritsen Beach,Brooklyn
BK1503,Non Critical,4830,4309,0.10786749482401656,11.716666666666667,53.256666666666675,Sheepshead Bay-Manhattan Beach-Gerritsen Beach,Brooklyn
BK1503,Serious,2787,2659,0.04592752063150341,6.8,22.896666666666707,Sheepshead Bay-Manhattan Beach-Gerritsen Beach,Brooklyn
BK1601,Critical,3014,2328,0.2276045122760451,5.433333333333334,20.483333333333334,Ocean Hill,Brooklyn
BK1601,Non CIP,77283,44351,0.42612217434623395,25.683333333333334,134.33333333333334,Ocean Hill,Brooklyn
BK1601,Non Critical,8849,6801,0.23143858063057973,14.85,67.38333333333334,Ocean Hill,Brooklyn
BK1601,Serious,5066,4543,0.10323726806158705,7.85,29.503333333333345,Ocean Hill,Brooklyn
BK1602,Critical,3586,3427,0.04433909648633575,4.45,14.24,Brownsville,Brooklyn
BK1602,Non CIP,119597,68232,0.42945057150262966,21.533333333333335,121.79833333333336,Brownsville,Brooklyn
BK1602,Non Critical,12059,9237,0.2340160875694502,13.133333333333333,62.34666666666666,Brownsville,Brooklyn
BK1602,Serious,7633,6907,0.0951133237259269,7.083333333333333,26.223333333333343,Brownsville,Brooklyn
BK1701,Critical,1752,1712,0.0228310502283105,4.9,14.160000000000005,East Flatbush-Erasmus,Brooklyn
BK1701,Non CIP,67065,41675,0.37858793707597105,34.2,184.21666666666667,East Flatbush-Erasmus,Brooklyn
BK1701,Non Critical,6237,5687,0.08818342151675485,13.183333333333334,67.9400000000001,East Flatbush-Erasmus,Brooklyn
BK1701,Serious,2924,2825,0.0338577291381669,6.533333333333333,24.583333333333325,East Flatbush-Erasmus,Brooklyn
BK1702,Critical,909,888,0.0231023102310231,5.191666666666666,14.025000000000006,East Flatbush-Farragut,Brooklyn
BK1702,Non CIP,39931,25753,0.355012396383762,37.233333333333334,187.80999999999997,East Flatbush-Farragut,Brooklyn
BK1702,Non Critical,3386,3052,0.09864146485528648,13.466666666666667,71.96833333333335,East Flatbush-Farragut,Brooklyn
BK1702,Serious,1844,1789,0.02982646420824295,6.866666666666666,26.660000000000007,East Flatbush-Farragut,Brooklyn
BK1703,Critical,1306,1280,0.019908116385911178,4.75,14.816666666666666,East Flatbush-Rugby,Brooklyn
BK1703,Non CIP,48224,32031,0.3357664233576642,36.2,192.86666666666667,East Flatbush-Rugby,Brooklyn
BK1703,Non Critical,4246,3854,0.09208666980687706,15.15,82.43000000000002,East Flatbush-Rugby,Brooklyn
BK1703,Serious,2202,2128,0.03360581289736603,7.008333333333333,25.671666666666667,East Flatbush-Rugby,Brooklyn
BK1704,Critical,1834,1773,0.03326063249727372,5.583333333333333,19.146666666666665,East Flatbush-Remsen Village,Brooklyn
BK1704,Non CIP,60316,40012,0.3366270972876185,37.141666666666666,198.64333333333343,East Flatbush-Remsen Village,Brooklyn
BK1704,Non Critical,6173,5621,0.08942167503644906,15.05,77.25,East Flatbush-Remsen Village,Brooklyn
BK1704,Serious,3189,3065,0.038883662590153655,7.9,28.486666666666665,East Flatbush-Remsen Village,Brooklyn
BK1801,Critical,1262,1242,0.01584786053882726,3.85,10.426666666666673,Flatlands,Brooklyn
BK1801,Non CIP,70272,47531,0.3235854963570127,25.033333333333335,128.51666666666668,Flatlands,Brooklyn
BK1801,Non Critical,4507,4162,0.07654759263368094,9.6,45.503333333333345,Flatlands,Brooklyn
BK1801,Serious,3904,3735,0.0430327868852459,5.316666666666666,15.6,Flatlands,Brooklyn
BK1802,Critical,623,616,0.011235955056179775,4.433333333333334,10.15,Marine Park-Mill Basin-Bergen Beach,Brooklyn
BK1802,Non CIP,41444,27859,0.3277917189460477,25.6,120.42000000000002,Marine Park-Mill Basin-Bergen Beach,Brooklyn
BK1802,Non Critical,2401,2173,0.09496043315285298,9.5,40.02666666666666,Marine Park-Mill Basin-Bergen Beach,Brooklyn
BK1802,Serious,2250,2148,0.04533333333333334,5.3916666666666675,15.919999999999996,Marine Park-Mill Basin-Bergen Beach,Brooklyn
BK1803,Critical,1847,1820,0.014618299945858148,3.8666666666666667,9.053333333333338,Canarsie,Brooklyn
BK1803,Non CIP,90811,67417,0.2576119633084098,23.766666666666666,150.05,Canarsie,Brooklyn
BK1803,Non Critical,7264,6883,0.05231277533039647,7.0,32.763333333333335,Canarsie,Brooklyn
BK1803,Serious,4159,4068,0.021880259677807164,5.15,14.921666666666669,Canarsie,Brooklyn
BX0101,Critical,3393,3292,0.02976716769820218,4.683333333333334,17.24833333333335,Mott Haven-Port Morris,Bronx
BX0101,Non CIP,144114,69958,0.5145440415226834,37.28333333333333,246.64333333333343,Mott Haven-Port Morris,Bronx
BX0101,Non Critical,11665,9032,0.2257179597085298,16.641666666666666,106.11333333333344,Mott Haven-Port Morris,Bronx
BX0101,Serious,6713,6247,0.06941754804111426,6.916666666666667,33.33000000000002,Mott Haven-Port Morris,Bronx
BX0102,Critical,3270,3121,0.045565749235474004,4.6,16.2,Melrose,Bronx
BX0102,Non CIP,126004,62621,0.5029999047649281,35.86666666666667,231.48333333333332,Melrose,Bronx
BX0102,Non Critical,12107,9247,0.23622697612951185,16.083333333333332,104.04666666666665,Melrose,Bronx
BX0102,Serious,6351,5810,0.08518343567942056,6.833333333333333,35.0,Melrose,Bronx
BX0201,Critical,1253,1218,0.027932960893854747,3.6916666666666664,8.939999999999994,Hunts Point,Bronx
BX0201,Non CIP,52208,29138,0.441886300950046,29.25,148.72166666666666,Hunts Point,Bronx
BX0201,Non Critical,4029,3618,0.10201042442293373,7.066666666666666,29.566666666666666,Hunts Point,Bronx
BX0201,Serious,1981,1889,0.04644119131751641,4.716666666666667,13.25,Hunts Point,Bronx
BX0202,Critical,2042,1989,0.02595494613124388,3.8666666666666667,10.190000000000001,Longwood,Bronx
BX0202,Non CIP,77429,43269,0.4411654548037557,29.15,160.45,Longwood,Bronx
BX0202,Non Critical,7785,6864,0.11830443159922929,7.933333333333334,35.41833333333332,Longwood,Bronx
BX0202,Serious,4512,4304,0.04609929078014184,4.883333333333334,15.511666666666672,Longwood,Bronx
BX0301,Critical,2417,2321,0.03971865949524204,5.3,18.866666666666667,Morrisania,Bronx
BX0301,Non CIP,80773,39934,0.5055649783962463,44.1,240.98333333333332,Morrisania,Bronx
BX0301,Non Critical,8632,6889,0.20192307692307693,16.516666666666666,101.33333333333331,Morrisania,Bronx
BX0301,Serious,4131,3901,0.05567659162430404,7.566666666666666,33.266666666666666,Morrisania,Bronx
BX0302,Critical,1417,1348,0.048694424841213835,5.383333333333334,17.719999999999988,Claremont Village-Claremont (East),Bronx
BX0302,Non CIP,53900,25540,0.5261595547309833,36.03333333333333,225.73666666666674,Claremont Village-Claremont (East),Bronx
BX0302,Non Critical,4237,3323,0.21571866886948313,17.55,96.06666666666669,Claremont Village-Claremont (East),Bronx
BX0302,Serious,2490,2352,0.05542168674698795,7.716666666666667,33.36833333333336,Claremont Village-Claremont (East),Bronx
BX0303,Critical,2205,2117,0.039909297052154194,5.933333333333334,20.120000000000026,Crotona Park East,Bronx
BX0303,Non CIP,58550,31100,0.46883005977796754,52.708333333333336,268.43500000000006,Crotona Park East,Bronx
BX0303,Non Critical,6184,5032,0.18628719275549807,17.266666666666666,103.19833333333335,Crotona Park East,Bronx
BX0303,Serious,3582,3366,0.06030150753768844,8.416666666666666,37.53333333333333,Crotona Park East,Bronx
BX0401,Critical,3691,3535,0.04199403955567597,5.583333333333333,21.50999999999999,Concourse-Concourse Village,Bronx
BX0401,Non CIP,134615,64221,0.5229134940385544,40.1,244.41666666666666,Concourse-Concourse Village,Bronx
BX0401,Non Critical,12395,9547,0.22977006857603874,17.8,106.17999999999999,Concourse-Concourse Village,Bronx
BX0401,Serious,7067,6465,0.08518466110089147,7.85,35.41333333333335,Concourse-Concourse Village,Bronx
BX0402,Critical,1791,1718,0.04075935231714126,5.691666666666666,20.178333333333327,Highbridge,Bronx
BX0402,Non CIP,56582,26572,0.5303630129723234,50.74166666666667,260.7466666666667,Highbridge,Bronx
BX0402,Non Critical,5468,4461,0.18416239941477688,20.333333333333332,118.8,Highbridge,Bronx
BX0402,Serious,3289,3088,0.06050471267862572,8.75,39.160000000000004,Highbridge,Bronx
BX0403,Critical,3307,3120,0.05654671908073783,5.4,18.674999999999994,Mount Eden-Claremont (West),Bronx
BX0403,Non CIP,96203,41666,0.5668950032743262,40.875,249.40833333333333,Mount Eden-Claremont (West),Bronx
BX0403,Non Critical,8557,6642,0.22379338553231273,17.458333333333332,106.96500000000002,Mount Eden-Claremont (West),Bronx
BX0403,Serious,4621,4273,0.07530837481064705,7.416666666666667,36.54666666666667,Mount Eden-Claremont (West),Bronx
BX0501,Critical,3451,3261,0.05505650536076499,7.25,33.416666666666664,University Heights (South)-Morris Heights,Bronx
BX0501,Non CIP,96363,46297,0.5194524869503855,83.28333333333333,395.46333333333354,University Heights (South)-Morris Heights,Bronx
BX0501,Non Critical,8340,6645,0.20323741007194246,24.516666666666666,165.06333333333353,University Heights (South)-Morris Heights,Bronx
BX0501,Serious,4551,4309,0.053175126345858054,10.516666666666667,58.323333333333345,University Heights (South)-Morris Heights,Bronx
BX0502,Critical,3402,3191,0.06202233980011758,5.916666666666667,27.283333333333335,Mount Hope,Bronx
BX0502,Non CIP,88550,44576,0.4965217391304348,59.95,327.7416666666667,Mount Hope,Bronx
BX0502,Non Critical,8472,6848,0.19169027384324835,21.366666666666667,138.83333333333334,Mount Hope,Bronx
BX0502,Serious,5257,4821,0.08293703633250904,9.083333333333334,49.05,Mount Hope,Bronx
BX0503,Critical,2872,2273,0.20856545961002784,5.75,25.573333333333327,Fordham Heights,Bronx
BX0503,Non CIP,61548,29994,0.5125593033079873,60.56666666666667,332.71666666666664,Fordham Heights,Bronx
BX0503,Non Critical,8324,6161,0.259851033157136,20.566666666666666,130.01666666666668,Fordham Heights,Bronx
BX0503,Serious,3550,3012,0.15154929577464787,8.6,42.545,Fordham Heights,Bronx
BX0601,Critical,1354,1318,0.026587887740029542,5.208333333333334,18.9,West Farms,Bronx
BX0601,Non CIP,42819,23287,0.4561526425185081,46.63333333333333,264.4700000000001,West Farms,Bronx
BX0601,Non Critical,3933,3290,0.163488431222985,17.941666666666666,128.29999999999998,West Farms,Bronx
BX0601,Serious,2308,2197,0.048093587521663775,7.466666666666667,36.66666666666669,West Farms,Bronx
BX0602,Critical,2462,2393,0.028025995125913892,4.783333333333333,21.306666666666707,Tremont,Bronx
BX0602,Non CIP,76284,39780,0.47851449845314875,62.00833333333333,290.8366666666666,Tremont,Bronx
BX0602,Non Critical,7041,5808,0.17511717085641243,20.758333333333333,129.01333333333335,Tremont,Bronx
BX0602,Serious,3981,3786,0.048982667671439335,6.916666666666667,37.25,Tremont,Bronx
BX0603,Critical,2622,2537,0.03241800152555301,4.966666666666667,19.883333333333358,Belmont,Bronx
BX0603,Non CIP,74224,40239,0.45780340590644536,50.95,253.29000000000013,Belmont,Bronx
BX0603,Non Critical,7008,5764,0.17751141552511415,17.466666666666665,115.24333333333331,Belmont,Bronx
BX0603,Serious,5562,5118,0.07982740021574973,6.916666666666667,41.43500000000002,Belmont,Bronx
BX0701,Critical,2643,2563,0.03026863412788498,4.833333333333333,15.553333333333345,University Heights (North)-Fordham,Bronx
BX0701,Non CIP,85630,48970,0.42810930748569426,37.25,198.50166666666664,University Heights (North)-Fordham,Bronx
BX0701,Non Critical,9815,8216,0.1629139072847682,14.75,71.96666666666667,University Heights (North)-Fordham,Bronx
BX0701,Serious,4673,4348,0.06954846993366146,6.6083333333333325,32.3666666666667,University Heights (North)-Fordham,Bronx
BX0702,Critical,2107,2043,0.030374940673943997,4.333333333333333,15.609999999999987,Bedford Park,Bronx
BX0702,Non CIP,75486,44169,0.4148451368465676,38.28333333333333,197.97000000000008,Bedford Park,Bronx
BX0702,Non Critical,7597,6485,0.14637356851388705,13.65,81.32666666666667,Bedford Park,Bronx
BX0702,Serious,3643,3468,0.04803733186933846,5.55,25.093333333333337,Bedford Park,Bronx
BX0703,Critical,1439,1398,0.02849200833912439,4.458333333333334,12.838333333333333,Norwood,Bronx
BX0703,Non CIP,63623,37648,0.40824858934661995,39.483333333333334,198.77166666666673,Norwood,Bronx
BX0703,Non Critical,5357,4664,0.1293634496919918,13.758333333333333,85.94,Norwood,Bronx
BX0703,Serious,2872,2752,0.04178272980501393,5.916666666666667,27.30833333333334,Norwood,Bronx
BX0801,Critical,1118,1090,0.025044722719141325,4.95,11.21,Kingsbridge Heights-Van Cortlandt Village,Bronx
BX0801,Non CIP,39868,24558,0.38401725694792815,29.916666666666668,146.65,Kingsbridge Heights-Van Cortlandt Village,Bronx
BX0801,Non Critical,3006,2696,0.10312707917498337,11.533333333333333,59.13333333333333,Kingsbridge Heights-Van Cortlandt Village,Bronx
BX0801,Serious,1539,1504,0.022742040285899934,6.183333333333334,17.561666666666667,Kingsbridge Heights-Van Cortlandt Village,Bronx
BX0802,Critical,692,675,0.024566473988439308,4.25,12.080000000000002,Kingsbridge-Marble Hill,Bronx
BX0802,Non CIP,34987,21045,0.39849086803669936,26.433333333333334,139.23666666666674,Kingsbridge-Marble Hill,Bronx
BX0802,Non Critical,2716,2374,0.12592047128129602,9.9,49.121666666666705,Kingsbridge-Marble Hill,Bronx
BX0802,Serious,3306,2983,0.09770114942528736,5.9,20.89666666666667,Kingsbridge-Marble Hill,Bronx
BX0803,Critical,515,503,0.02330097087378641,5.366666666666666,12.533333333333335,Riverdale-Spuyten Duyvil,Bronx
BX0803,Non CIP,39099,22999,0.4117496611166526,33.88333333333333,157.65333333333334,Riverdale-Spuyten Duyvil,Bronx
BX0803,Non Critical,2046,1804,0.11827956989247312,13.100000000000001,64.41666666666669,Riverdale-Spuyten Duyvil,Bronx
BX0803,Serious,1562,1482,0.05121638924455826,6.9,20.071666666666676,Riverdale-Spuyten Duyvil,Bronx
BX0901,Critical,2962,2862,0.0337609723160027,4.766666666666667,15.45,Soundview-Bruckner-Bronx River,Bronx
BX0901,Non CIP,104885,58509,0.4421413929541879,47.38333333333333,266.55666666666684,Soundview-Bruckner-Bronx River,Bronx
BX0901,Non Critical,8963,7740,0.1364498493807877,13.383333333333333,82.72500000000004,Soundview-Bruckner-Bronx River,Bronx
BX0901,Serious,5987,5689,0.04977451144145649,6.366666666666666,25.619999999999997,Soundview-Bruckner-Bronx River,Bronx
BX0902,Critical,955,925,0.031413612565445025,5.2,14.65333333333334,Soundview-Clason Point,Bronx
BX0902,Non CIP,46603,25508,0.45265326266549366,36.45,232.39833333333328,Soundview-Clason Point,Bronx
BX0902,Non Critical,3148,2747,0.12738246505717915,13.0,82.95333333333335,Soundview-Clason Point,Bronx
BX0902,Serious,2867,2692,0.060690617370073245,6.65,26.31333333333335,Soundview-Clason Point,Bronx
BX0903,Critical,1093,1058,0.03202195791399817,5.425000000000001,16.628333333333376,Castle Hill-Unionport,Bronx
BX0903,Non CIP,54519,30149,0.44698178616629064,47.81666666666667,268.55000000000007,Castle Hill-Unionport,Bronx
BX0903,Non Critical,3440,2991,0.1305232558139535,14.133333333333333,81.75,Castle Hill-Unionport,Bronx
BX0903,Serious,2372,2256,0.048903878583473864,7.233333333333333,26.883333333333333,Castle Hill-Unionport,Bronx
BX0904,Critical,699,674,0.0357653791130186,5.233333333333333,15.201666666666668,Parkchester,Bronx
BX0904,Non CIP,34817,17874,0.4866013728925525,50.516666666666666,275.695,Parkchester,Bronx
BX0904,Non Critical,3041,2406,0.2088128904965472,14.525,93.95,Parkchester,Bronx
BX0904,Serious,2198,2046,0.06915377616014559,7.65,30.15,Parkchester,Bronx
BX1001,Critical,542,530,0.02214022140221402,5.541666666666666,12.768333333333334,Westchester Square,Bronx
BX1001,Non CIP,24931,15194,0.3905178292086158,48.09166666666667,257.9050000000001,Westchester Square,Bronx
BX1001,Non Critical,2130,1922,0.09765258215962441,12.75,77.93,Westchester Square,Bronx
BX1001,Serious,1286,1235,0.03965785381026438,7.083333333333333,24.22000000000006,Westchester Square,Bronx
BX1002,Critical,789,767,0.02788339670468948,5.15,14.436666666666662,Throgs Neck-Schuylerville,Bronx
BX1002,Non CIP,46270,27316,0.40963907499459695,41.13333333333333,226.3,Throgs Neck-Schuylerville,Bronx
BX1002,Non Critical,2754,2483,0.09840232389251997,11.666666666666666,65.63666666666668,Throgs Neck-Schuylerville,Bronx
BX1002,Serious,2017,1925,0.04561229548834903,6.783333333333333,19.17666666666667,Throgs Neck-Schuylerville,Bronx
BX1003,Critical,539,525,0.025974025974025976,5.516666666666667,15.660000000000002,Pelham Bay-Country Club-City Island,Bronx
BX1003,Non CIP,25321,15482,0.38857075155009674,51.391666666666666,247.15999999999997,Pelham Bay-Country Club-City Island,Bronx
BX1003,Non Critical,1677,1507,0.10137149672033392,12.683333333333334,63.953333333333354,Pelham Bay-Country Club-City Island,Bronx
BX1003,Serious,1167,1111,0.04798628963153385,7.25,22.95,Pelham Bay-Country Club-City Island,Bronx
BX1004,Critical,457,444,0.028446389496717725,6.241666666666667,12.65,Co-op City,Bronx
BX1004,Non CIP,34975,19213,0.45066476054324517,50.63333333333333,235.51666666666657,Co-op City,Bronx
BX1004,Non Critical,1662,1460,0.12154031287605295,12.608333333333334,68.45000000000003,Co-op City,Bronx
BX1004,Serious,1799,1658,0.07837687604224569,8.383333333333333,27.36833333333333,Co-op City,Bronx
BX1101,Critical,963,945,0.018691588785046728,4.983333333333333,13.136666666666668,Pelham Parkway-Van Nest,Bronx
BX1101,Non CIP,37285,20138,0.45989003620759017,41.025,203.77499999999995,Pelham Parkway-Van Nest,Bronx
BX1101,Non Critical,3437,2926,0.14867617107942974,12.1,68.125,Pelham Parkway-Van Nest,Bronx
BX1101,Serious,2042,1949,0.0455435847208619,6.75,23.92,Pelham Parkway-Van Nest,Bronx
BX1102,Critical,494,471,0.0465587044534413,4.516666666666667,14.316666666666666,Morris Park,Bronx
BX1102,Non CIP,35000,17343,0.5044857142857143,38.63333333333333,192.29666666666668,Morris Park,Bronx
BX1102,Non Critical,1670,1357,0.18742514970059881,10.9,67.06000000000009,Morris Park,Bronx
BX1102,Serious,2055,1870,0.09002433090024331,5.9,20.933333333333334,Morris Park,Bronx
BX1103,Critical,573,559,0.02443280977312391,4.683333333333334,14.266666666666664,Pelham Gardens,Bronx
BX1103,Non CIP,27926,15256,0.4536990618062021,42.1,209.29166666666669,Pelham Gardens,Bronx
BX1103,Non Critical,1804,1560,0.1352549889135255,11.508333333333333,64.78500000000003,Pelham Gardens,Bronx
BX1103,Serious,1674,1562,0.06690561529271206,6.15,23.660000000000007,Pelham Gardens,Bronx
BX1104,Critical,1469,1422,0.031994554118447927,4.7,12.826666666666673,Allerton,Bronx
BX1104,Non CIP,49273,26929,0.45347350475919873,42.266666666666666,210.58666666666667,Allerton,Bronx
BX1104,Non Critical,4560,3925,0.13925438596491227,11.35,65.17999999999998,Allerton,Bronx
BX1104,Serious,4071,3781,0.0712355686563498,6.383333333333334,24.266666666666666,Allerton,Bronx
BX1201,Critical,3288,3184,0.031630170316301706,5.775,19.135000000000012,Williamsbridge-Olinville,Bronx
BX1201,Non CIP,89751,52310,0.41713184254214436,60.53333333333333,332.535,Williamsbridge-Olinville,Bronx
BX1201,Non Critical,9047,7651,0.15430529457278655,18.733333333333334,118.96666666666667,Williamsbridge-Olinville,Bronx
BX1201,Serious,5325,5032,0.05502347417840375,7.983333333333333,36.19500000000003,Williamsbridge-Olinville,Bronx
BX1202,Critical,1940,1868,0.03711340206185567,5.966666666666667,19.80999999999999,Eastchester-Edenwald-Baychester,Bronx
BX1202,Non CIP,76775,43071,0.4389970693585151,52.5,306.26666666666665,Eastchester-Edenwald-Baychester,Bronx
BX1202,Non Critical,6246,5198,0.16778738392571246,17.833333333333336,112.27666666666667,Eastchester-Edenwald-Baychester,Bronx
BX1202,Serious,3790,3546,0.06411609498680738,8.583333333333334,39.458333333333336,Eastchester-Edenwald-Baychester,Bronx
BX1203,Critical,1795,1749,0.02562674094707521,5.933333333333334,22.033333333333346,Wakefield-Woodlawn,Bronx
BX1203,Non CIP,69396,39220,0.43482333275693125,62.05,328.635,Wakefield-Woodlawn,Bronx
BX1203,Non Critical,6005,5036,0.1613655287260616,20.15833333333333,124.975,Wakefield-Woodlawn,Bronx
BX1203,Serious,4159,3864,0.0709305121423419,8.55,35.35,Wakefield-Woodlawn,Bronx
MN0101,Critical,996,913,0.08333333333333333,4.816666666666666,14.810000000000008,Financial District-Battery Park City,Manhattan
MN0101,Non CIP,91214,52871,0.4203302124673844,22.283333333333335,113.0,Financial District-Battery Park City,Manhattan
MN0101,Non Critical,7608,6242,0.1795478443743428,11.333333333333334,43.930000000000014,Financial District-Battery Park City,Manhattan
MN0101,Serious,6799,6390,0.060155905280188264,7.241666666666667,20.385000000000005,Financial District-Battery Park City,Manhattan
MN0102,Critical,623,596,0.04333868378812199,4.25,11.458333333333332,Tribeca-Civic Center,Manhattan
MN0102,Non CIP,75165,42557,0.433792323554846,19.366666666666667,108.83000000000004,Tribeca-Civic Center,Manhattan
MN0102,Non Critical,4670,3655,0.21734475374732334,10.216666666666667,40.54333333333333,Tribeca-Civic Center,Manhattan
MN0102,Serious,4597,4330,0.05808135740700457,6.183333333333334,17.883333333333333,Tribeca-Civic Center,Manhattan
MN0201,Critical,1057,1025,0.030274361400189215,3.783333333333333,9.376666666666667,SoHo-Little Italy-Hudson Square,Manhattan
MN0201,Non CIP,81137,48729,0.39942319780124974,19.05,101.08333333333333,SoHo-Little Italy-Hudson Square,Manhattan
MN0201,Non Critical,5852,4715,0.19429254955570746,9.966666666666667,41.9,SoHo-Little Italy-Hudson Square,Manhattan
MN0201,Serious,6031,5662,0.06118388326977284,6.041666666666666,19.16333333333335,SoHo-Little Italy-Hudson Square,Manhattan
MN0202,Critical,980,950,0.030612244897959183,3.8666666666666667,8.536666666666667,Greenwich Village,Manhattan
MN0202,Non CIP,60353,38227,0.36657664076350804,14.433333333333334,70.64000000000003,Greenwich Village,Manhattan
MN0202,Non Critical,5261,4586,0.12830260406766775,7.75,28.65,Greenwich Village,Manhattan
MN0202,Serious,3995,3772,0.055819774718397996,5.716666666666667,18.371666666666677,Greenwich Village,Manhattan
MN0203,Critical,956,934,0.02301255230125523,3.2583333333333333,7.456666666666669,West Village,Manhattan
MN0203,Non CIP,60986,38016,0.37661102548125797,12.1,59.141666666666666,West Village,Manhattan
MN0203,Non Critical,5156,4258,0.17416602017067495,6.975,27.738333333333337,West Village,Manhattan
MN0203,Serious,4585,4319,0.05801526717557252,4.816666666666666,14.026666666666681,West Village,Manhattan
MN0301,Critical,920,891,0.03152173913043478,3.933333333333333,11.116666666666667,Chinatown-Two Bridges,Manhattan
MN0301,Non CIP,55252,31783,0.42476290451024395,17.783333333333335,92.20999999999998,Chinatown-Two Bridges,Manhattan
MN0301,Non Critical,4728,3938,0.16708967851099832,10.15,49.98000000000002,Chinatown-Two Bridges,Manhattan
MN0301,Serious,2167,2064,0.047531149053991695,5.45,18.618333333333336,Chinatown-Two Bridges,Manhattan
MN0302,Critical,1628,1583,0.02764127764127764,3.3,9.88999999999999,Lower East Side,Manhattan
MN0302,Non CIP,100171,57293,0.42800810613850315,14.483333333333333,79.64666666666672,Lower East Side,Manhattan
MN0302,Non Critical,8986,7310,0.18640106832851103,8.3,39.701666666666675,Lower East Side,Manhattan
MN0302,Serious,6884,6297,0.08527019174898315,4.783333333333333,17.29000000000001,Lower East Side,Manhattan
MN0303,Critical,2095,2032,0.03007159904534606,3.825,9.728333333333337,East Village,Manhattan
MN0303,Non CIP,102107,63852,0.3746266171760996,16.833333333333332,88.81666666666666,East Village,Manhattan
MN0303,Non Critical,9981,8625,0.13585813044785092,8.35,39.226666666666674,East Village,Manhattan
MN0303,Serious,6841,6395,0.06519514690834673,5.733333333333333,19.160000000000007,East Village,Manhattan
MN0401,Critical,2154,2069,0.03946146703806871,4.1,10.15,Chelsea-Hudson Yards,Manhattan
MN0401,Non CIP,151256,77592,0.48698894589305547,17.633333333333333,87.36333333333361,Chelsea-Hudson Yards,Manhattan
MN0401,Non Critical,14028,11293,0.1947533504419732,9.1,40.016666666666666,Chelsea-Hudson Yards,Manhattan
MN0401,Serious,9714,8931,0.08060531192093885,6.05,19.933333333333334,Chelsea-Hudson Yards,Manhattan
MN0402,Critical,2366,2265,0.04268808114961961,4.0,10.306666666666677,Hell's Kitchen,Manhattan
MN0402,Non CIP,130020,54707,0.5792185817566529,20.05,104.11666666666666,Hell's Kitchen,Manhattan
MN0402,Non Critical,12985,9630,0.2582210242587601,10.425,48.2,Hell's Kitchen,Manhattan
MN0402,Serious,7045,6302,0.10546486870120653,6.066666666666666,22.345000000000027,Hell's Kitchen,Manhattan
MN0501,Critical,1999,1940,0.029514757378689346,4.025,11.581666666666687,Midtown South-Flatiron-Union Square,Manhattan
MN0501,Non CIP,133979,70188,0.4760970002761627,19.15,105.35500000000005,Midtown South-Flatiron-Union Square,Manhattan
MN0501,Non Critical,13465,10291,0.2357222428518381,10.766666666666667,48.516666666666666,Midtown South-Flatiron-Union Square,Manhattan
MN0501,Serious,10915,9953,0.08813559322033898,6.333333333333333,25.883333333333333,Midtown South-Flatiron-Union Square,Manhattan
MN0502,Critical,3085,2935,0.04862236628849271,3.966666666666667,12.076666666666666,Midtown-Times Square,Manhattan
MN0502,Non CIP,276221,119660,0.5667744306189609,16.816666666666666,92.05166666666676,Midtown-Times Square,Manhattan
MN0502,Non Critical,21651,14985,0.30779178790817974,9.766666666666667,43.39333333333334,Midtown-Times Square,Manhattan
MN0502,Serious,16797,14535,0.13466690480442936,6.616666666666666,26.816666666666666,Midtown-Times Square,Manhattan
MN0601,Critical,128,124,0.03125,3.658333333333333,11.295000000000002,Stuyvesant Town-Peter Cooper Village,Manhattan
MN0601,Non CIP,11111,6268,0.43587435874358743,23.05,112.555,Stuyvesant Town-Peter Cooper Village,Manhattan
MN0601,Non Critical,859,670,0.220023282887078,10.85,48.88333333333334,Stuyvesant Town-Peter Cooper Village,Manhattan
MN0601,Serious,526,492,0.06463878326996197,6.441666666666666,20.906666666666677,Stuyvesant Town-Peter Cooper Village,Manhattan
MN0602,Critical,708,680,0.03954802259887006,3.3,9.116666666666667,Gramercy,Manhattan
MN0602,Non CIP,50528,29648,0.41323622545915134,19.55,109.65,Gramercy,Manhattan
MN0602,Non Critical,4362,3673,0.15795506648326454,9.633333333333333,47.53333333333333,Gramercy,Manhattan
MN0602,Serious,3040,2795,0.0805921052631579,5.583333333333333,21.98333333333331,Gramercy,Manhattan
MN0603,Critical,971,925,0.04737384140061792,3.783333333333333,9.793333333333335,Murray Hill-Kips Bay,Manhattan
MN0603,Non CIP,89435,42279,0.5272544305920501,23.633333333333333,121.83666666666673,Murray Hill-Kips Bay,Manhattan
MN0603,Non Critical,6346,4875,0.23179955877718247,9.883333333333333,44.48000000000005,Murray Hill-Kips Bay,Manhattan
MN0603,Serious,4338,3877,0.10627017058552328,6.15,20.903333333333336,Murray Hill-Kips Bay,Manhattan
MN0604,Critical,682,663,0.02785923753665689,3.8333333333333335,11.140000000000004,East Midtown-Turtle Bay,Manhattan
MN0604,Non CIP,75391,33262,0.5588067541218448,17.516666666666666,83.88333333333334,East Midtown-Turtle Bay,Manhattan
MN0604,Non Critical,5555,4178,0.24788478847884787,8.108333333333334,32.92166666666667,East Midtown-Turtle Bay,Manhattan
MN0604,Serious,4713,4177,0.11372798642053894,5.933333333333334,18.423333333333336,East Midtown-Turtle Bay,Manhattan
MN0701,Critical,747,728,0.025435073627844713,3.433333333333333,7.9916666666666725,Upper West Side-Lincoln Square,Manhattan
MN0701,Non CIP,67942,39617,0.41688499013864766,14.916666666666666,81.35666666666668,Upper West Side-Lincoln Square,Manhattan
MN0701,Non Critical,4978,4141,0.16813981518682203,8.183333333333334,35.3,Upper West Side-Lincoln Square,Manhattan
MN0701,Serious,4599,4270,0.0715372907153729,5.133333333333334,15.104999999999995,Upper West Side-Lincoln Square,Manhattan
MN0702,Critical,1334,1286,0.035982008995502246,3.1333333333333333,8.833333333333332,Upper West Side (Central),Manhattan
MN0702,Non CIP,97001,58476,0.39715054483974394,13.1,66.03333333333333,Upper West Side (Central),Manhattan
MN0702,Non Critical,7667,6507,0.15116734055041084,7.483333333333333,34.166666666666664,Upper West Side (Central),Manhattan
MN0702,Serious,7935,7137,0.10056710775047259,5.033333333333333,17.166666666666668,Upper West Side (Central),Manhattan
MN0703,Critical,1480,912,0.3837837837837838,3.466666666666667,10.216666666666667,Upper West Side-Manhattan Valley,Manhattan
MN0703,Non CIP,56201,35473,0.3688190601590719,12.883333333333333,66.07666666666664,Upper West Side-Manhattan Valley,Manhattan
MN0703,Non Critical,5074,4202,0.17185652345289712,7.816666666666666,39.88166666666667,Upper West Side-Manhattan Valley,Manhattan
MN0703,Serious,5197,3759,0.27669809505483933,4.683333333333334,16.303333333333338,Upper West Side-Manhattan Valley,Manhattan
MN0801,Critical,676,653,0.034023668639053255,4.583333333333333,14.39000000000001,Upper East Side-Lenox Hill-Roosevelt Island,Manhattan
MN0801,Non CIP,69589,38634,0.44482605009412407,27.616666666666667,131.56666666666666,Upper East Side-Lenox Hill-Roosevelt Island,Manhattan
MN0801,Non Critical,3607,3054,0.15331300249514832,12.383333333333333,50.148333333333454,Upper East Side-Lenox Hill-Roosevelt Island,Manhattan
MN0801,Serious,2427,2249,0.07334157395962093,7.416666666666667,25.823333333333338,Upper East Side-Lenox Hill-Roosevelt Island,Manhattan
MN0802,Critical,862,835,0.031322505800464036,3.8333333333333335,10.406666666666668,Upper East Side-Carnegie Hill,Manhattan
MN0802,Non CIP,84938,49842,0.41319550731121524,20.183333333333334,107.46666666666667,Upper East Side-Carnegie Hill,Manhattan
MN0802,Non Critical,5198,4235,0.18526356290881107,10.733333333333333,47.09333333333331,Upper East Side-Carnegie Hill,Manhattan
MN0802,Serious,7059,6488,0.08088964442555603,7.433333333333334,27.376666666666672,Upper East Side-Carnegie Hill,Manhattan
MN0803,Critical,713,692,0.029453015427769985,4.3,11.415,Upper East Side-Yorkville,Manhattan
MN0803,Non CIP,51767,29922,0.4219676627967624,25.09166666666667,127.59833333333336,Upper East Side-Yorkville,Manhattan
MN0803,Non Critical,3639,3167,0.1297059631766969,11.633333333333333,57.81666666666667,Upper East Side-Yorkville,Manhattan
MN0803,Serious,3482,3233,0.07151062607696726,7.45,26.066666666666666,Upper East Side-Yorkville,Manhattan
MN0901,Critical,672,646,0.03869047619047619,4.175000000000001,13.75,Morningside Heights,Manhattan
MN0901,Non CIP,46165,30371,0.34212065417524096,13.766666666666667,71.46666666666667,Morningside Heights,Manhattan
MN0901,Non Critical,4071,3373,0.1714566445590764,7.966666666666667,35.43,Morningside Heights,Manhattan
MN0901,Serious,1950,1872,0.04,4.925000000000001,14.298333333333336,Morningside Heights,Manhattan
MN0902,Critical,950,901,0.05157894736842105,3.533333333333333,8.85,Manhattanville-West Harlem,Manhattan
MN0902,Non CIP,51070,32937,0.35502251811239477,13.733333333333333,80.88333333333334,Manhattanville-West Harlem,Manhattan
MN0902,Non Critical,3150,2862,0.09111111111111111,7.933333333333334,45.18333333333333,Manhattanville-West Harlem,Manhattan
MN0902,Serious,1841,1770,0.038565996740901685,4.133333333333334,12.33833333333334,Manhattanville-West Harlem,Manhattan
MN0903,Critical,1544,1520,0.014896373056994818,2.9166666666666665,6.970000000000005,Hamilton Heights-Sugar Hill,Manhattan
MN0903,Non CIP,73010,52697,0.27820846459389126,12.916666666666666,75.06666666666666,Hamilton Heights-Sugar Hill,Manhattan
MN0903,Non Critical,6632,6025,0.09152593486127865,7.25,39.39333333333334,Hamilton Heights-Sugar Hill,Manhattan
MN0903,Serious,3520,3407,0.03210227272727273,4.05,12.606666666666667,Hamilton Heights-Sugar Hill,Manhattan
MN1001,Critical,2462,2352,0.04467912266450041,3.8666666666666667,11.015000000000002,Harlem (South),Manhattan
MN1001,Non CIP,107153,61263,0.42826612414024806,15.366666666666667,82.43333333333334,Harlem (South),Manhattan
MN1001,Non Critical,11977,9226,0.22969023962594973,10.008333333333333,47.55,Harlem (South),Manhattan
MN1001,Serious,7204,6312,0.12382009994447529,5.283333333333333,20.26333333333335,Harlem (South),Manhattan
MN1002,Critical,3859,3713,0.03783363565690594,4.583333333333333,14.883333333333333,Harlem (North),Manhattan
MN1002,Non CIP,160171,97580,0.3907761080345381,24.716666666666665,133.98333333333332,Harlem (North),Manhattan
MN1002,Non Critical,14360,12234,0.14805013927576602,11.7,59.28500000000003,Harlem (North),Manhattan
MN1002,Serious,7277,6938,0.0465851312353992,6.066666666666666,21.52666666666667,Harlem (North),Manhattan
MN1101,Critical,1833,1776,0.031096563011456628,4.033333333333333,11.566666666666666,East Harlem (South),Manhattan
MN1101,Non CIP,102677,61443,0.40157971113297036,19.583333333333332,106.6,East Harlem (South),Manhattan
MN1101,Non Critical,8497,7247,0.14711074496881252,11.583333333333334,60.803333333333406,East Harlem (South),Manhattan
MN1101,Serious,4843,4563,0.05781540367540781,5.983333333333333,21.75,East Harlem (South),Manhattan
MN1102,Critical,3566,3407,0.0445877734155917,4.266666666666667,12.906666666666668,East Harlem (North),Manhattan
MN1102,Non CIP,159564,87141,0.4538617733323306,19.066666666666666,106.28333333333333,East Harlem (North),Manhattan
MN1102,Non Critical,14445,11711,0.18926964347525096,10.283333333333333,50.95,East Harlem (North),Manhattan
MN1102,Serious,6863,6408,0.06629753752003498,5.733333333333333,19.705000000000002,East Harlem (North),Manhattan
MN1201,Critical,2418,2347,0.029363110008271298,3.3833333333333333,8.516666666666667,Washington Heights (South),Manhattan
MN1201,Non CIP,112284,63926,0.4306757863987745,19.641666666666666,107.36666666666666,Washington Heights (South),Manhattan
MN1201,Non Critical,9637,8392,0.12918958182006848,8.45,39.51500000000001,Washington Heights (South),Manhattan
MN1201,Serious,4552,4336,0.04745166959578207,4.5,13.775,Washington Heights (South),Manhattan
MN1202,Critical,1722,1646,0.04413472706155633,3.8,10.891666666666666,Washington Heights (North),Manhattan
MN1202,Non CIP,87746,54754,0.3759829507897796,29.033333333333335,160.86166666666674,Washington Heights (North),Manhattan
MN1202,Non Critical,6285,5632,0.10389817024661893,10.416666666666666,52.89000000000005,Washington Heights (North),Manhattan
MN1202,Serious,5630,5312,0.056483126110124335,5.616666666666666,20.216666666666665,Washington Heights (North),Manhattan
MN1203,Critical,1298,1231,0.05161787365177196,3.85,11.566666666666666,Inwood,Manhattan
MN1203,Non CIP,50613,32940,0.3491593068974374,25.85,155.3700000000001,Inwood,Manhattan
MN1203,Non Critical,3907,3500,0.10417199897619657,9.65,47.17166666666666,Inwood,Manhattan
MN1203,Serious,2278,2194,0.03687445127304653,5.233333333333333,18.091666666666672,Inwood,Manhattan
QN0101,Critical,810,792,0.022222222222222223,4.45,9.411666666666665,Astoria (North)-Ditmars-Steinway,Queens
QN0101,Non CIP,45308,31101,0.31352079103028163,35.03333333333333,177.38333333333333,Astoria (North)-Ditmars-Steinway,Queens
QN0101,Non Critical,3131,2873,0.08208240178856595,9.883333333333333,46.75000000000003,Astoria (North)-Ditmars-Steinway,Queens
QN0101,Serious,2173,2081,0.04233778186838472,6.533333333333333,17.75,Astoria (North)-Ditmars-Steinway,Queens
QN0102,Critical,530,523,0.013207547169811321,4.683333333333334,11.216666666666669,Old Astoria-Hallets Point,Queens
QN0102,Non CIP,19448,13773,0.29180378445084326,29.55,179.85,Old Astoria-Hallets Point,Queens
QN0102,Non Critical,1580,1448,0.08354430379746836,11.141666666666666,52.648333333333326,Old Astoria-Hallets Point,Queens
QN0102,Serious,1351,1296,0.04071058475203553,7.216666666666667,20.96666666666667,Old Astoria-Hallets Point,Queens
QN0103,Critical,702,685,0.024216524216524215,3.966666666666667,9.753333333333336,Astoria (Central),Queens
QN0103,Non CIP,44376,30961,0.30223544258157564,33.11666666666667,171.58333333333334,Astoria (Central),Queens
QN0103,Non Critical,3609,3354,0.07065669160432253,9.791666666666668,43.34000000000001,Astoria (Central),Queens
QN0103,Serious,2390,2307,0.03472803347280335,6.216666666666667,17.64,Astoria (Central),Queens
QN0104,Critical,917,898,0.020719738276990186,4.383333333333334,11.141666666666673,Astoria (East)-Woodside (North),Queens
QN0104,Non CIP,50158,36471,0.2728777064476255,28.266666666666666,154.6,Astoria (East)-Woodside (North),Queens
QN0104,Non Critical,3953,3612,0.0862635972678978,9.316666666666666,44.341666666666676,Astoria (East)-Woodside (North),Queens
QN0104,Serious,2816,2731,0.030184659090909092,6.533333333333333,19.833333333333332,Astoria (East)-Woodside (North),Queens
QN0105,Critical,1385,1355,0.021660649819494584,4.95,11.95,Queensbridge-Ravenswood-Dutch Kills,Queens
QN0105,Non CIP,73115,50897,0.303863776242905,29.066666666666666,169.0066666666667,Queensbridge-Ravenswood-Dutch Kills,Queens
QN0105,Non Critical,6609,5994,0.09305492510213345,11.75,52.044999999999995,Queensbridge-Ravenswood-Dutch Kills,Queens
QN0105,Serious,3366,3266,0.029411764705882353,6.916666666666667,20.275,Queensbridge-Ravenswood-Dutch Kills,Queens
QN0201,Critical,652,641,0.01687116564417178,4.933333333333334,12.733333333333333,Long Island City-Hunters Point,Queens
QN0201,Non CIP,48340,33506,0.3068059577989243,29.066666666666666,151.81666666666666,Long Island City-Hunters Point,Queens
QN0201,Non Critical,3575,3201,0.10461538461538461,12.566666666666666,50.233333333333334,Long Island City-Hunters Point,Queens
QN0201,Serious,3147,2985,0.05147759771210677,9.033333333333333,29.5233333333333,Long Island City-Hunters Point,Queens
QN0202,Critical,918,904,0.015250544662309368,4.875,11.603333333333337,Sunnyside,Queens
QN0202,Non CIP,62313,43404,0.30341983213775614,37.28333333333333,183.9783333333334,Sunnyside,Queens
QN0202,Non Critical,4063,3761,0.07432931331528428,12.8,59.233333333333334,Sunnyside,Queens
QN0202,Serious,3117,3018,0.03176130895091434,7.566666666666666,25.81500000000001,Sunnyside,Queens
QN0203,Critical,826,808,0.021791767554479417,5.3916666666666675,14.720000000000004,Woodside,Queens
QN0203,Non CIP,50796,34836,0.3141782817544689,38.95,192.64166666666665,Woodside,Queens
QN0203,Non Critical,3648,3400,0.06798245614035088,13.108333333333334,56.633333333333304,Woodside,Queens
QN0203,Serious,2502,2426,0.030375699440447643,8.225,27.566666666666666,Woodside,Queens
QN0301,Critical,2334,2276,0.02442159383033419,4.091666666666667,10.85,Jackson Heights,Queens
QN0301,Non CIP,106186,70701,0.3341683461096566,27.6,135.91666666666666,Jackson Heights,Queens
QN0301,Non Critical,8726,7850,0.10038964015585607,9.183333333333334,42.77000000000001,Jackson Heights,Queens
QN0301,Serious,7285,6934,0.04818119423472889,6.583333333333333,24.2,Jackson Heights,Queens
QN0302,Critical,711,699,0.016877637130801686,4.233333333333333,11.970000000000008,East Elmhurst,Queens
QN0302,Non CIP,39272,27169,0.30818394785088615,33.583333333333336,143.02333333333337,East Elmhurst,Queens
QN0302,Non Critical,2923,2669,0.08689702360588436,10.566666666666666,53.25,East Elmhurst,Queens
QN0302,Serious,2019,1960,0.02922238732045567,6.366666666666666,24.43000000000002,East Elmhurst,Queens
QN0303,Critical,1281,1259,0.01717408274785324,4.45,11.67,North Corona,Queens
QN0303,Non CIP,49677,33402,0.32759627191658114,29.783333333333335,146.77500000000012,North Corona,Queens
QN0303,Non Critical,6222,5377,0.13564770170363227,11.266666666666667,48.256666666666675,North Corona,Queens
QN0303,Serious,3117,3032,0.027269810715431504,6.258333333333333,21.065000000000015,North Corona,Queens
QN0401,Critical,1835,1802,0.017983651226158037,5.041666666666666,14.413333333333336,Elmhurst,Queens
QN0401,Non CIP,99218,67545,0.31922635005744926,42.56666666666667,203.04333333333332,Elmhurst,Queens
QN0401,Non Critical,7507,6842,0.08858398827760756,12.7,66.13000000000002,Elmhurst,Queens
QN0401,Serious,5504,5292,0.038517441860465115,7.783333333333333,31.466666666666665,Elmhurst,Queens
QN0402,Critical,1359,1338,0.01545253863134658,4.883333333333334,13.379999999999995,Corona,Queens
QN0402,Non CIP,60761,41282,0.3205839271901384,43.391666666666666,216.1316666666667,Corona,Queens
QN0402,Non Critical,4846,4433,0.08481221626083368,12.4,72.16000000000004,Corona,Queens
QN0402,Serious,3472,3383,0.025633640552995392,7.05,23.963333333333335,Corona,Queens
QN0501,Critical,557,552,0.008976660682226212,5.133333333333334,12.08333333333334,Maspeth,Queens
QN0501,Non CIP,39520,27225,0.3111082995951417,40.11666666666667,190.47000000000006,Maspeth,Queens
QN0501,Non Critical,2051,1905,0.07069722086786934,10.783333333333333,55.02666666666667,Maspeth,Queens
QN0501,Serious,1551,1515,0.02321083172147002,6.583333333333333,20.07666666666674,Maspeth,Queens
QN0502,Critical,1239,1223,0.0129136400322841,4.2,9.223333333333331,Ridgewood,Queens
QN0502,Non CIP,59013,39763,0.3261993120159965,30.083333333333332,163.9433333333334,Ridgewood,Queens
QN0502,Non Critical,4635,4283,0.07572815533980583,9.233333333333333,43.18,Ridgewood,Queens
QN0502,Serious,3138,3049,0.028362014021669855,5.7,17.763333333333353,Ridgewood,Queens
QN0503,Critical,485,478,0.01443298969072165,4.583333333333333,10.160000000000002,Glendale,Queens
QN0503,Non CIP,28137,19639,0.3020222482851761,34.9,170.65333333333334,Glendale,Queens
QN0503,Non Critical,1851,1733,0.06374932468935711,10.15,51.813333333333325,Glendale,Queens
QN0503,Serious,1235,1193,0.0340080971659919,6.183333333333334,16.93999999999999,Glendale,Queens
QN0504,Critical,297,295,0.006734006734006734,5.25,12.000000000000005,Middle Village,Queens
QN0504,Non CIP,20115,13842,0.3118568232662192,38.083333333333336,176.5616666666666,Middle Village,Queens
QN0504,Non Critical,1238,1178,0.048465266558966075,10.608333333333334,48.586666666666616,Middle Village,Queens
QN0504,Serious,963,945,0.018691588785046728,6.533333333333333,19.26,Middle Village,Queens
QN0601,Critical,324,319,0.015432098765432098,4.216666666666667,8.686666666666666,Rego Park,Queens
QN0601,Non CIP,30002,21654,0.27824811679221384,20.041666666666668,96.95666666666669,Rego Park,Queens
QN0601,Non Critical,1710,1592,0.06900584795321638,8.775,30.83000000000002,Rego Park,Queens
QN0601,Serious,1783,1731,0.029164329781267526,5.716666666666667,12.45,Rego Park,Queens
QN0602,Critical,937,924,0.013874066168623266,4.208333333333334,8.068333333333335,Forest Hills,Queens
QN0602,Non CIP,76483,55223,0.277957193101735,17.783333333333335,86.98000000000005,Forest Hills,Queens
QN0602,Non Critical,4680,4346,0.07136752136752136,8.183333333333334,28.2,Forest Hills,Queens
QN0602,Serious,4714,4581,0.02821383114128129,5.416666666666667,11.783333333333333,Forest Hills,Queens
QN0701,Critical,675,650,0.037037037037037035,6.25,16.78666666666668,College Point,Queens
QN0701,Non CIP,34054,23985,0.29558935807834613,54.483333333333334,294.7466666666671,College Point,Queens
QN0701,Non Critical,2378,2167,0.0887300252312868,16.85,99.76333333333335,College Point,Queens
QN0701,Serious,1900,1847,0.027894736842105264,9.35,28.80666666666667,College Point,Queens
QN0702,Critical,347,343,0.011527377521613832,5.316666666666666,11.66,Whitestone-Beechhurst,Queens
QN0702,Non CIP,23059,15762,0.3164491088078408,46.44166666666666,259.1066666666666,Whitestone-Beechhurst,Queens
QN0702,Non Critical,810,737,0.09012345679012346,16.866666666666667,95.61666666666666,Whitestone-Beechhurst,Queens
QN0702,Serious,717,681,0.0502092050209205,8.05,25.583333333333332,Whitestone-Beechhurst,Queens
QN0703,Critical,163,161,0.012269938650306749,6.266666666666667,13.216666666666667,Bay Terrace-Clearview,Queens
QN0703,Non CIP,15667,10274,0.3442267185804557,48.7,256.75166666666667,Bay Terrace-Clearview,Queens
QN0703,Non Critical,493,457,0.07302231237322515,17.833333333333332,79.53333333333335,Bay Terrace-Clearview,Queens
QN0703,Serious,332,317,0.045180722891566265,10.016666666666667,28.26333333333334,Bay Terrace-Clearview,Queens
QN0704,Critical,655,647,0.012213740458015267,4.633333333333334,12.793333333333333,Murray Hill-Broadway Flushing,Queens
QN0704,Non CIP,37395,25759,0.3111645941970852,51.233333333333334,276.20000000000016,Murray Hill-Broadway Flushing,Queens
QN0704,Non Critical,2096,1925,0.08158396946564886,15.583333333333334,97.08000000000003,Murray Hill-Broadway Flushing,Queens
QN0704,Serious,1186,1159,0.022765598650927487,7.066666666666666,21.01666666666668,Murray Hill-Broadway Flushing,Queens
QN0705,Critical,366,365,0.00273224043715847,5.05,11.236666666666668,East Flushing,Queens
QN0705,Non CIP,18670,13299,0.2876807712908409,51.28333333333333,279.3066666666668,East Flushing,Queens
QN0705,Non Critical,1085,999,0.0792626728110599,17.45,102.02000000000002,East Flushing,Queens
QN0705,Serious,661,646,0.0226928895612708,7.866666666666666,30.950000000000003,East Flushing,Queens
QN0706,Critical,309,301,0.025889967637540454,6.25,14.433333333333334,Queensboro Hill,Queens
QN0706,Non CIP,20510,14206,0.3073622623110678,56.09166666666667,265.475,Queensboro Hill,Queens
QN0706,Non Critical,965,880,0.08808290155440414,18.358333333333334,95.90833333333335,Queensboro Hill,Queens
QN0706,Serious,619,600,0.030694668820678513,8.5,30.01166666666667,Queensboro Hill,Queens
QN0707,Critical,1581,1558,0.01454775458570525,4.233333333333333,12.20833333333333,Flushing-Willets Point,Queens
QN0707,Non CIP,90318,61629,0.3176332514006067,38.916666666666664,242.4066666666668,Flushing-Willets Point,Queens
QN0707,Non Critical,6951,6252,0.10056107034958998,12.975,73.56000000000003,Flushing-Willets Point,Queens
QN0707,Serious,5055,4867,0.03719090009891197,6.8,24.16333333333335,Flushing-Willets Point,Queens
QN0801,Critical,386,378,0.02072538860103627,4.45,10.493333333333334,Kew Gardens Hills,Queens
QN0801,Non CIP,23656,15462,0.34638146770375383,34.05,178.36666666666667,Kew Gardens Hills,Queens
QN0801,Non Critical,1391,1266,0.08986340762041696,11.316666666666666,49.025,Kew Gardens Hills,Queens
QN0801,Serious,896,852,0.049107142857142856,6.341666666666667,16.576666666666664,Kew Gardens Hills,Queens
QN0802,Critical,607,596,0.018121911037891267,4.45,11.008333333333333,Pomonok-Electchester-Hillcrest,Queens
QN0802,Non CIP,36442,23715,0.349212447176335,29.083333333333332,164.2,Pomonok-Electchester-Hillcrest,Queens
QN0802,Non Critical,2494,2288,0.08259823576583801,10.8,43.77500000000001,Pomonok-Electchester-Hillcrest,Queens
QN0802,Serious,1930,1858,0.03730569948186528,6.183333333333334,16.773333333333326,Pomonok-Electchester-Hillcrest,Queens
QN0803,Critical,282,278,0.014184397163120567,4.975,11.293333333333333,Fresh Meadows-Utopia,Queens
QN0803,Non CIP,18026,11908,0.33939864639964495,32.30833333333334,164.9716666666667,Fresh Meadows-Utopia,Queens
QN0803,Non Critical,949,867,0.08640674394099052,11.083333333333334,45.90333333333333,Fresh Meadows-Utopia,Queens
QN0803,Serious,1028,983,0.04377431906614786,7.35,19.213333333333335,Fresh Meadows-Utopia,Queens
QN0804,Critical,510,501,0.01764705882352941,4.966666666666667,12.233333333333333,Jamaica Estates-Holliswood,Queens
QN0804,Non CIP,33105,21682,0.34505361727835676,29.816666666666666,155.5,Jamaica Estates-Holliswood,Queens
QN0804,Non Critical,2051,1800,0.12237932715748416,12.366666666666667,45.40333333333336,Jamaica Estates-Holliswood,Queens
QN0804,Serious,1075,1030,0.04186046511627907,7.041666666666666,18.455000000000002,Jamaica Estates-Holliswood,Queens
QN0805,Critical,657,638,0.0289193302891933,5.158333333333333,11.360000000000001,Jamaica Hills-Briarwood,Queens
QN0805,Non CIP,45016,29196,0.35138617380486936,32.28333333333333,174.01666666666668,Jamaica Hills-Briarwood,Queens
QN0805,Non Critical,2929,2652,0.09423011266643906,11.733333333333333,49.365,Jamaica Hills-Briarwood,Queens
QN0805,Serious,1433,1378,0.03838101884159107,6.8,19.349999999999984,Jamaica Hills-Briarwood,Queens
QN0901,Critical,337,330,0.020771513353115726,5.275,11.003333333333334,Kew Gardens,Queens
QN0901,Non CIP,29154,20263,0.3049667284077657,32.28333333333333,192.90333333333328,Kew Gardens,Queens
QN0901,Non Critical,1439,1378,0.0423905489923558,11.175,43.79666666666665,Kew Gardens,Queens
QN0901,Serious,873,851,0.025200458190148912,7.416666666666667,24.016666666666666,Kew Gardens,Queens
QN0902,Critical,914,903,0.012035010940919038,4.266666666666667,10.953333333333344,Richmond Hill,Queens
QN0902,Non CIP,46526,33008,0.290525727550187,37.483333333333334,213.96666666666667,Richmond Hill,Queens
QN0902,Non Critical,3434,3210,0.06493884682585906,10.5,45.20166666666667,Richmond Hill,Queens
QN0902,Serious,2691,2620,0.026384243775548124,6.85,19.758333333333326,Richmond Hill,Queens
QN0903,Critical,596,588,0.013422818791946308,4.991666666666667,10.833333333333334,South Richmond Hill,Queens
QN0903,Non CIP,23721,17122,0.2781923190421989,48.11666666666667,244.37499999999997,South Richmond Hill,Queens
QN0903,Non Critical,2154,2038,0.05385329619312906,11.041666666666668,50.346666666666664,South Richmond Hill,Queens
QN0903,Serious,1942,1883,0.03038105046343975,7.35,22.416666666666657,South Richmond Hill,Queens
QN0904,Critical,596,590,0.010067114093959731,5.366666666666666,11.675,Ozone Park (North),Queens
QN0904,Non CIP,26941,18515,0.3127575071452433,46.583333333333336,242.74000000000015,Ozone Park (North),Queens
QN0904,Non Critical,1909,1802,0.05605028810895757,11.583333333333334,52.01000000000002,Ozone Park (North),Queens
QN0904,Serious,1324,1295,0.02190332326283988,7.6,21.69000000000001,Ozone Park (North),Queens
QN0905,Critical,718,705,0.018105849582172703,5.333333333333333,11.683333333333339,Woodhaven,Queens
QN0905,Non CIP,31982,23175,0.2753736476768182,46.016666666666666,236.24333333333337,Woodhaven,Queens
QN0905,Non Critical,2829,2664,0.05832449628844114,12.175,48.915000000000035,Woodhaven,Queens
QN0905,Serious,2192,2130,0.028284671532846715,8.141666666666666,22.341666666666676,Woodhaven,Queens
QN1001,Critical,1806,1780,0.014396456256921373,4.625,11.718333333333335,South Ozone Park,Queens
QN1001,Non CIP,87914,63707,0.2753258866619651,39.516666666666666,221.60666666666668,South Ozone Park,Queens
QN1001,Non Critical,7895,7427,0.05915136162127929,10.25,54.68000000000002,South Ozone Park,Queens
QN1001,Serious,5348,5198,0.02804786836200449,6.225,18.996666666666684,South Ozone Park,Queens
QN1002,Critical,481,473,0.016632016632016633,4.55,10.543333333333335,Ozone Park,Queens
QN1002,Non CIP,24141,17570,0.27215111221573257,38.391666666666666,225.25,Ozone Park,Queens
QN1002,Non Critical,1871,1751,0.06413682522715125,9.9,50.43333333333333,Ozone Park,Queens
QN1002,Serious,1931,1866,0.033661315380631794,6.3583333333333325,19.4,Ozone Park,Queens
QN1003,Critical,417,407,0.023980815347721823,5.766666666666667,14.68,Howard Beach-Lindenwood,Queens
QN1003,Non CIP,28379,19848,0.30060960569435147,41.483333333333334,208.8483333333333,Howard Beach-Lindenwood,Queens
QN1003,Non Critical,1699,1577,0.07180694526191878,11.766666666666667,52.040000000000006,Howard Beach-Lindenwood,Queens
QN1003,Serious,1473,1407,0.04480651731160896,7.866666666666666,24.080000000000013,Howard Beach-Lindenwood,Queens
QN1101,Critical,382,374,0.020942408376963352,4.433333333333334,10.098333333333331,Auburndale,Queens
QN1101,Non CIP,28997,18829,0.35065696451357037,21.566666666666666,118.1533333333334,Auburndale,Queens
QN1101,Non Critical,1041,964,0.07396733909702209,9.716666666666667,43.330000000000005,Auburndale,Queens
QN1101,Serious,638,616,0.034482758620689655,6.225,14.525,Auburndale,Queens
QN1102,Critical,372,365,0.01881720430107527,3.6666666666666665,6.433333333333335,Bayside,Queens
QN1102,Non CIP,30290,19676,0.35041267745130406,16.95,100.1,Bayside,Queens
QN1102,Non Critical,1271,1169,0.08025177025963807,6.916666666666667,27.65666666666668,Bayside,Queens
QN1102,Serious,699,678,0.030042918454935622,4.6083333333333325,10.075000000000006,Bayside,Queens
QN1103,Critical,196,193,0.015306122448979591,4.9,8.796666666666672,Douglaston-Little Neck,Queens
QN1103,Non CIP,23377,14703,0.371048466441374,21.85,106.98333333333333,Douglaston-Little Neck,Queens
QN1103,Non Critical,563,514,0.08703374777975133,10.841666666666667,39.14,Douglaston-Little Neck,Queens
QN1103,Serious,335,316,0.056716417910447764,6.4,12.908333333333333,Douglaston-Little Neck,Queens
QN1104,Critical,202,200,0.009900990099009901,4.441666666666666,7.384999999999999,Oakland Gardens-Hollis Hills,Queens
QN1104,Non CIP,18385,11736,0.36165352189284744,19.458333333333332,101.90833333333333,Oakland Gardens-Hollis Hills,Queens
QN1104,Non Critical,769,697,0.09362808842652796,8.65,28.723333333333333,Oakland Gardens-Hollis Hills,Queens
QN1104,Serious,413,406,0.01694915254237288,5.816666666666666,12.458333333333332,Oakland Gardens-Hollis Hills,Queens
QN1201,Critical,3060,2992,0.022222222222222223,4.216666666666667,11.028333333333338,Jamaica,Queens
QN1201,Non CIP,138039,85089,0.38357275842334415,21.916666666666668,125.08333333333333,Jamaica,Queens
QN1201,Non Critical,13766,11971,0.13039372366700566,9.5,43.43333333333333,Jamaica,Queens
QN1201,Serious,9011,8533,0.05293530129841305,5.65,18.080000000000002,Jamaica,Queens
QN1202,Critical,1588,1559,0.018261964735516372,5.183333333333334,13.04666666666667,South Jamaica,Queens
QN1202,Non CIP,58999,37382,0.3663451922913948,30.816666666666666,166.54833333333337,South Jamaica,Queens
QN1202,Non Critical,5222,4654,0.10877058598238223,11.75,56.7,South Jamaica,Queens
QN1202,Serious,2717,2617,0.0368052999631947,6.733333333333333,22.130000000000024,South Jamaica,Queens
QN1203,Critical,1048,1035,0.012404580152671756,4.75,10.91666666666667,Baisley Park,Queens
QN1203,Non CIP,49074,33479,0.3177853853364307,43.95,216.11666666666667,Baisley Park,Queens
QN1203,Non Critical,4002,3731,0.06771614192903548,10.333333333333334,58.31666666666667,Baisley Park,Queens
QN1203,Serious,2250,2189,0.02711111111111111,6.2,21.233333333333334,Baisley Park,Queens
QN1204,Critical,682,673,0.013196480938416423,4.6,10.720000000000004,Springfield Gardens (North)-Rochdale Village,Queens
QN1204,Non CIP,32353,21344,0.34024665409699256,38.3,204.88000000000005,Springfield Gardens (North)-Rochdale Village,Queens
QN1204,Non Critical,2442,2289,0.06265356265356266,10.466666666666667,58.690000000000026,Springfield Gardens (North)-Rochdale Village,Queens
QN1204,Serious,1526,1473,0.03473132372214941,5.766666666666667,20.16,Springfield Gardens (North)-Rochdale Village,Queens
QN1205,Critical,1233,1213,0.016220600162206,5.266666666666667,15.396666666666667,St. Albans,Queens
QN1205,Non CIP,54424,37447,0.31192121123033956,39.03333333333333,208.11666666666667,St. Albans,Queens
QN1205,Non Critical,4360,4015,0.07912844036697247,11.6,60.08333333333333,St. Albans,Queens
QN1205,Serious,2393,2330,0.02632678646050982,6.516666666666667,19.618333333333332,St. Albans,Queens
QN1206,Critical,605,596,0.01487603305785124,6.491666666666667,14.525,Hollis,Queens
QN1206,Non CIP,25217,16059,0.36316770432644646,32.983333333333334,163.41666666666666,Hollis,Queens
QN1206,Non Critical,2039,1811,0.1118195193722413,13.033333333333333,55.333333333333336,Hollis,Queens
QN1206,Serious,1087,1061,0.02391904323827047,7.883333333333334,20.483333333333334,Hollis,Queens
QN1301,Critical,192,191,0.005208333333333333,6.0,11.716666666666667,Glen Oaks-Floral Park-New Hyde Park,Queens
QN1301,Non CIP,19732,12319,0.375684167849179,30.066666666666666,160.33333333333346,Glen Oaks-Floral Park-New Hyde Park,Queens
QN1301,Non Critical,860,778,0.09534883720930233,11.05,58.47166666666668,Glen Oaks-Floral Park-New Hyde Park,Queens
QN1301,Serious,680,632,0.07058823529411765,7.074999999999999,20.949999999999978,Glen Oaks-Floral Park-New Hyde Park,Queens
QN1302,Critical,304,295,0.029605263157894735,4.716666666666667,11.000000000000009,Bellerose,Queens
QN1302,Non CIP,32323,20214,0.37462488011632583,23.383333333333333,151.90333333333342,Bellerose,Queens
QN1302,Non Critical,1503,1338,0.10978043912175649,9.675,47.203333333333326,Bellerose,Queens
QN1302,Serious,828,747,0.09782608695652174,6.216666666666667,23.273333333333326,Bellerose,Queens
QN1303,Critical,990,971,0.01919191919191919,4.833333333333333,11.25,Queens Village,Queens
QN1303,Non CIP,53810,37849,0.2965991451403085,29.083333333333332,184.45000000000036,Queens Village,Queens
QN1303,Non Critical,3751,3498,0.06744868035190615,10.033333333333333,51.94833333333334,Queens Village,Queens
QN1303,Serious,2142,2086,0.026143790849673203,6.133333333333334,16.491666666666667,Queens Village,Queens
QN1304,Critical,381,371,0.026246719160104987,5.3,11.183333333333334,Cambria Heights,Queens
QN1304,Non CIP,20341,14053,0.3091293446733199,25.6,153.61333333333334,Cambria Heights,Queens
QN1304,Non Critical,1227,1123,0.08475957620211899,10.383333333333333,51.01666666666667,Cambria Heights,Queens
QN1304,Serious,643,631,0.01866251944012442,6.833333333333333,16.966666666666665,Cambria Heights,Queens
QN1305,Critical,567,558,0.015873015873015872,4.558333333333334,11.738333333333335,Laurelton,Queens
QN1305,Non CIP,25052,17241,0.31175155676193517,28.3,165.18333333333334,Laurelton,Queens
QN1305,Non Critical,1695,1559,0.08023598820058997,10.8,50.02,Laurelton,Queens
QN1305,Serious,963,945,0.018691588785046728,6.783333333333333,17.653333333333336,Laurelton,Queens
QN1306,Critical,555,543,0.021621621621621623,5.8,15.916666666666668,Springfield Gardens (South)-Brookville,Queens
QN1306,Non CIP,39657,26524,0.33116473762513554,37.291666666666664,192.32333333333338,Springfield Gardens (South)-Brookville,Queens
QN1306,Non Critical,2513,2310,0.08038201352964584,12.933333333333334,59.4483333333333,Springfield Gardens (South)-Brookville,Queens
QN1306,Serious,1422,1380,0.029535864978902954,8.633333333333333,28.72000000000005,Springfield Gardens (South)-Brookville,Queens
QN1307,Critical,483,470,0.026915113871635612,5.408333333333333,15.375000000000002,Rosedale,Queens
QN1307,Non CIP,30186,20099,0.33416153183595043,32.86666666666667,176.61666666666667,Rosedale,Queens
QN1307,Non Critical,1811,1657,0.08503589177250138,12.75,65.31333333333338,Rosedale,Queens
QN1307,Serious,997,951,0.04613841524573721,7.666666666666667,21.8,Rosedale,Queens
QN1401,Critical,1817,1771,0.02531645569620253,4.683333333333334,10.916666666666666,Far Rockaway-Bayswater,Queens
QN1401,Non CIP,89653,62537,0.3024550210255095,20.483333333333334,95.39000000000003,Far Rockaway-Bayswater,Queens
QN1401,Non Critical,7260,6794,0.0640495867768595,9.758333333333333,35.896666666666654,Far Rockaway-Bayswater,Queens
QN1401,Serious,3878,3783,0.02449716348633316,6.216666666666667,16.94333333333334,Far Rockaway-Bayswater,Queens
QN1402,Critical,1279,1261,0.014073494917904612,4.6,11.233333333333333,Rockaway Beach-Arverne-Edgemere,Queens
QN1402,Non CIP,59585,44076,0.260283628429974,14.216666666666667,71.05833333333334,Rockaway Beach-Arverne-Edgemere,Queens
QN1402,Non Critical,5069,4781,0.05681594002761886,8.2,29.0,Rockaway Beach-Arverne-Edgemere,Queens
QN1402,Serious,2830,2765,0.022968197879858657,5.816666666666666,15.669999999999996,Rockaway Beach-Arverne-Edgemere,Queens
QN1403,Critical,373,369,0.010723860589812333,4.633333333333334,10.083333333333329,Breezy Point-Belle Harbor-Rockaway Park-Broad Channel,Queens
QN1403,Non CIP,24497,18008,0.26488957831571214,12.583333333333334,56.38833333333335,Breezy Point-Belle Harbor-Rockaway Park-Broad Channel,Queens
QN1403,Non Critical,1840,1732,0.058695652173913045,7.833333333333333,23.75833333333334,Breezy Point-Belle Harbor-Rockaway Park-Broad Channel,Queens
QN1403,Serious,1918,1870,0.02502606882168926,6.016666666666667,12.88666666666667,Breezy Point-Belle Harbor-Rockaway Park-Broad Channel,Queens
SI0101,Critical,1033,1018,0.01452081316553727,3.925,10.33166666666667,St. George-New Brighton,Staten Island
SI0101,Non CIP,44678,28546,0.36107256367787277,16.3,113.08333333333333,St. George-New Brighton,Staten Island
SI0101,Non Critical,3951,3597,0.08959757023538345,7.3,30.160000000000014,St. George-New Brighton,Staten Island
SI0101,Serious,2238,2146,0.041108132260947276,4.916666666666667,13.0,St. George-New Brighton,Staten Island
SI0102,Critical,894,877,0.01901565995525727,4.066666666666666,9.856666666666664,Tompkinsville-Stapleton-Clifton-Fox Hills,Staten Island
SI0102,Non CIP,34880,22924,0.34271788990825686,16.525,115.41166666666669,Tompkinsville-Stapleton-Clifton-Fox Hills,Staten Island
SI0102,Non Critical,3373,3098,0.08152979543433146,7.133333333333334,31.11333333333335,Tompkinsville-Stapleton-Clifton-Fox Hills,Staten Island
SI0102,Serious,1753,1708,0.02567027952082145,5.0,14.689999999999994,Tompkinsville-Stapleton-Clifton-Fox Hills,Staten Island
SI0103,Critical,526,519,0.011406844106463879,4.783333333333333,10.943333333333332,Rosebank-Shore Acres-Park Hill,Staten Island
SI0103,Non CIP,25640,15683,0.38829953198127926,23.133333333333333,136.8233333333334,Rosebank-Shore Acres-Park Hill,Staten Island
SI0103,Non Critical,1789,1644,0.0810508664058133,8.45,35.09000000000001,Rosebank-Shore Acres-Park Hill,Staten Island
SI0103,Serious,1540,1481,0.03831168831168831,6.1,16.75,Rosebank-Shore Acres-Park Hill,Staten Island
SI0104,Critical,767,752,0.01955671447196871,4.45,10.024999999999999,West New Brighton-Silver Lake-Grymes Hill,Staten Island
SI0104,Non CIP,42988,27277,0.36547408579138363,22.866666666666667,128.43333333333334,West New Brighton-Silver Lake-Grymes Hill,Staten Island
SI0104,Non Critical,2756,2530,0.08200290275761973,8.266666666666667,33.30833333333332,West New Brighton-Silver Lake-Grymes Hill,Staten Island
SI0104,Serious,1484,1452,0.0215633423180593,5.8,16.045000000000005,West New Brighton-Silver Lake-Grymes Hill,Staten Island
SI0105,Critical,337,328,0.026706231454005934,5.183333333333334,12.266666666666667,Westerleigh-Castleton Corners,Staten Island
SI0105,Non CIP,23161,13361,0.42308190492638487,28.816666666666666,149.45,Westerleigh-Castleton Corners,Staten Island
SI0105,Non Critical,1214,1109,0.08649093904448106,9.483333333333333,38.370000000000005,Westerleigh-Castleton Corners,Staten Island
SI0105,Serious,889,852,0.04161979752530934,6.766666666666667,17.043333333333322,Westerleigh-Castleton Corners,Staten Island
SI0106,Critical,789,779,0.012674271229404309,4.35,9.47,Port Richmond,Staten Island
SI0106,Non CIP,31371,20730,0.33916674635810146,20.141666666666666,127.03333333333333,Port Richmond,Staten Island
SI0106,Non Critical,2811,2638,0.06154393454286731,7.883333333333334,27.331666666666734,Port Richmond,Staten Island
SI0106,Serious,1983,1934,0.024710035300050427,5.866666666666666,14.29166666666667,Port Richmond,Staten Island
SI0107,Critical,740,728,0.016216216216216217,3.9,9.065000000000003,Mariner's Harbor-Arlington-Graniteville,Staten Island
SI0107,Non CIP,39736,25581,0.3562260922085766,18.033333333333335,110.08333333333333,Mariner's Harbor-Arlington-Graniteville,Staten Island
SI0107,Non Critical,3112,2926,0.05976863753213368,6.95,25.549999999999997,Mariner's Harbor-Arlington-Graniteville,Staten Island
SI0107,Serious,1883,1849,0.018056293149229952,4.883333333333334,12.370000000000001,Mariner's Harbor-Arlington-Graniteville,Staten Island
SI0201,Critical,536,529,0.013059701492537313,5.716666666666667,11.726666666666667,Grasmere-Arrochar-South Beach-Dongan Hills,Staten Island
SI0201,Non CIP,37542,24817,0.33892706835011455,19.916666666666668,97.57000000000006,Grasmere-Arrochar-South Beach-Dongan Hills,Staten Island
SI0201,Non Critical,2227,2096,0.058823529411764705,9.583333333333334,27.041666666666664,Grasmere-Arrochar-South Beach-Dongan Hills,Staten Island
SI0201,Serious,1602,1572,0.018726591760299626,7.016666666666667,14.663333333333336,Grasmere-Arrochar-South Beach-Dongan Hills,Staten Island
SI0202,Critical,386,379,0.018134715025906734,4.6,8.966666666666665,New Dorp-Midland Beach,Staten Island
SI0202,Non CIP,27379,17083,0.3760546404178385,17.483333333333334,90.68000000000002,New Dorp-Midland Beach,Staten Island
SI0202,Non Critical,1720,1629,0.05290697674418605,8.016666666666667,24.540000000000003,New Dorp-Midland Beach,Staten Island
SI0202,Serious,979,955,0.024514811031664963,5.683333333333334,13.283333333333333,New Dorp-Midland Beach,Staten Island
SI0203,Critical,409,402,0.017114914425427872,6.025,11.743333333333336,Todt Hill-Emerson Hill-Lighthouse Hill-Manor Heights,Staten Island
SI0203,Non CIP,30573,18730,0.3873679390311713,25.391666666666666,123.81333333333362,Todt Hill-Emerson Hill-Lighthouse Hill-Manor Heights,Staten Island
SI0203,Non Critical,1105,1033,0.06515837104072399,11.016666666666667,33.53666666666671,Todt Hill-Emerson Hill-Lighthouse Hill-Manor Heights,Staten Island
SI0203,Serious,788,762,0.03299492385786802,7.908333333333333,17.45333333333333,Todt Hill-Emerson Hill-Lighthouse Hill-Manor Heights,Staten Island
SI0204,Critical,408,402,0.014705882352941176,5.466666666666667,10.596666666666668,New Springville-Willowbrook-Bulls Head-Travis,Staten Island
SI0204,Non CIP,42693,25212,0.4094582250017567,24.216666666666665,135.56500000000003,New Springville-Willowbrook-Bulls Head-Travis,Staten Island
SI0204,Non Critical,2240,2047,0.08616071428571428,9.3,32.540000000000006,New Springville-Willowbrook-Bulls Head-Travis,Staten Island
SI0204,Serious,1919,1847,0.03751954142782699,6.316666666666666,15.063333333333338,New Springville-Willowbrook-Bulls Head-Travis,Staten Island
SI0301,Critical,263,254,0.034220532319391636,5.566666666666666,11.015000000000002,Oakwood-Richmondtown,Staten Island
SI0301,Non CIP,13563,8468,0.37565435375654355,21.733333333333334,105.02166666666668,Oakwood-Richmondtown,Staten Island
SI0301,Non Critical,786,749,0.047073791348600506,9.383333333333333,27.713333333333345,Oakwood-Richmondtown,Staten Island
SI0301,Serious,465,451,0.030107526881720432,6.5,13.633333333333333,Oakwood-Richmondtown,Staten Island
SI0302,Critical,447,442,0.011185682326621925,6.191666666666666,11.465,Great Kills-Eltingville,Staten Island
SI0302,Non CIP,33021,20241,0.3869961539626298,21.85,100.46666666666667,Great Kills-Eltingville,Staten Island
SI0302,Non Critical,1606,1517,0.055417185554171855,10.983333333333333,29.740000000000002,Great Kills-Eltingville,Staten Island
SI0302,Serious,865,855,0.011560693641618497,8.266666666666667,16.76333333333334,Great Kills-Eltingville,Staten Island
SI0303,Critical,152,150,0.013157894736842105,5.516666666666667,10.061666666666666,Arden Heights-Rossville,Staten Island
SI0303,Non CIP,15951,9295,0.4172779136104319,17.316666666666666,75.80666666666669,Arden Heights-Rossville,Staten Island
SI0303,Non Critical,637,601,0.0565149136577708,9.95,28.2,Arden Heights-Rossville,Staten Island
SI0303,Serious,336,326,0.02976190476190476,6.491666666666667,13.291666666666666,Arden Heights-Rossville,Staten Island
SI0304,Critical,347,344,0.008645533141210375,5.116666666666666,9.783333333333333,Annadale-Huguenot-Prince's Bay-Woodrow,Staten Island
SI0304,Non CIP,25180,14825,0.41119936457505957,16.583333333333332,76.26666666666667,Annadale-Huguenot-Prince's Bay-Woodrow,Staten Island
SI0304,Non Critical,970,900,0.07216494845360824,8.433333333333334,22.378333333333337,Annadale-Huguenot-Prince's Bay-Woodrow,Staten Island
SI0304,Serious,493,480,0.02636916835699797,6.2,13.176666666666668,Annadale-Huguenot-Prince's Bay-Woodrow,Staten Island
SI0305,Critical,212,209,0.014150943396226415,4.8,8.623333333333335,Tottenville-Charleston,Staten Island
SI0305,Non CIP,18231,10878,0.4033240085568537,15.75,71.2266666666667,Tottenville-Charleston,Staten Island
SI0305,Non Critical,775,726,0.06322580645161291,8.0,21.233333333333334,Tottenville-Charleston,Staten Island
SI0305,Serious,642,627,0.02336448598130841,5.633333333333334,11.976666666666665,Tottenville-Charleston,Staten Island
