district,priority,calls,with_arrival,no_arrival_share,median_wait,p90_wait
0,Non CIP,355,180,0.49295774647887325,18.35,119.39499999999998
0,Non Critical,6,3,0.5,61.9,413.71333333333337
0,Serious,4,2,0.5,5.375,7.381666666666667
1,Critical,1935,1819,0.059948320413436694,4.383333333333334,12.42
1,Non CIP,173018,102538,0.4073333410396606,21.866666666666667,114.25
1,Non Critical,13134,10839,0.174737322978529,10.783333333333333,42.95333333333335
1,Serious,14576,13746,0.05694291986827662,6.616666666666666,19.225
10,Critical,1813,1751,0.03419746276889134,4.25,10.083333333333334
10,Non CIP,118432,62197,0.4747787760064847,17.833333333333332,81.63333333333334
10,Non Critical,11057,9133,0.17373609478158633,8.816666666666666,35.180000000000014
10,Serious,6656,6151,0.07587139423076923,5.966666666666667,17.366666666666667
100,Critical,1105,1092,0.011764705882352941,4.341666666666667,9.731666666666666
100,Non CIP,60712,45595,0.2489952562920016,11.933333333333334,55.56666666666667
100,Non Critical,5080,4798,0.05551181102362205,7.333333333333333,23.17166666666667
100,Serious,3610,3528,0.022714681440443214,5.583333333333333,12.6
101,Critical,2364,2309,0.023265651438240272,4.833333333333333,11.38666666666667
101,Non CIP,112998,79014,0.30074868581744807,20.575,95.25
101,Non Critical,9088,8508,0.06371038732394366,10.0,36.45
101,Serious,5016,4890,0.025119617224880382,6.416666666666667,17.483333333333334
102,Critical,3128,3082,0.014705882352941176,4.966666666666667,11.398333333333335
102,Non CIP,157021,111375,0.29069360149279394,41.3,226.14666666666696
102,Non Critical,11684,11019,0.05682985279014036,11.216666666666667,47.833333333333336
102,Serious,8943,8704,0.02672481270267248,7.466666666666667,21.766666666666666
103,Critical,4834,4727,0.02213487794786926,4.7,12.406666666666675
103,Non CIP,210697,129515,0.38528787785303065,24.25,133.08333333333334
103,Non Critical,19958,17441,0.12611484116644955,10.35,46.96666666666667
103,Serious,11902,11328,0.04814316921525794,6.05,18.971666666666685
104,Critical,2452,2424,0.011419249592169658,4.566666666666666,10.366666666666667
104,Non CIP,142474,97278,0.3172227915268751,34.8,175.18333333333334
104,Non Critical,9561,8878,0.07133145068507478,9.933333333333334,48.016666666666666
104,Serious,6734,6560,0.02583902583902584,6.091666666666667,18.82000000000001
105,Critical,3104,3041,0.02029639175257732,5.2,13.316666666666666
105,Non CIP,192984,129933,0.326711022675455,31.4,182.33333333333334
105,Non Critical,11790,10824,0.0818490245971162,11.416666666666666,58.18666666666674
105,Serious,6874,6592,0.04102414896712249,7.05,21.333333333333332
106,Critical,2726,2683,0.01577402787967718,4.766666666666667,11.666666666666666
106,Non CIP,144008,103344,0.28235236931281593,39.68333333333333,219.54499999999996
106,Non Critical,11530,10817,0.06175195143104944,10.35,53.59333333333331
106,Serious,8789,8516,0.031061554215496643,6.433333333333334,19.833333333333336
107,Critical,2523,2475,0.019024970273483946,4.9,11.209999999999999
107,Non CIP,153735,100911,0.3435847399746317,31.1,168.35
107,Non Critical,9659,8714,0.09773268454291334,11.633333333333333,46.10666666666666
107,Serious,6351,6096,0.040151157298063296,6.675000000000001,17.8
108,Critical,2456,2414,0.01710097719869707,5.091666666666667,13.106666666666676
108,Non CIP,166131,115068,0.30732975784170324,35.016666666666666,176.73333333333332
108,Non Critical,11501,10548,0.08277541083384053,12.858333333333334,55.56000000000004
108,Serious,8917,8570,0.03891443310530447,8.216666666666667,27.533333333333335
109,Critical,4002,3931,0.01774112943528236,4.933333333333334,13.283333333333333
109,Non CIP,232123,160321,0.3093101502220805,46.833333333333336,265.7
109,Non Critical,14422,13099,0.09173484953543198,14.933333333333334,87.55666666666676
109,Serious,10293,9945,0.03380938501894491,7.633333333333334,26.033333333333335
110,Critical,3790,3721,0.01820580474934037,4.883333333333334,13.533333333333333
110,Non CIP,180535,122554,0.321162101531559,41.233333333333334,205.71666666666667
110,Non Critical,14199,12881,0.09268258328051271,12.283333333333333,66.63333333333334
110,Serious,10208,9859,0.03418887147335423,7.283333333333333,27.383333333333333
111,Critical,1149,1129,0.017406440382941687,4.266666666666667,7.836666666666667
111,Non CIP,100249,64445,0.35715069477002265,19.5,104.8
111,Non Critical,3649,3349,0.08221430528912031,8.55,33.00000000000002
111,Serious,2077,2014,0.03033220991815118,5.441666666666666,12.468333333333335
112,Critical,1270,1253,0.013385826771653543,4.216666666666667,8.246666666666666
112,Non CIP,105703,76661,0.2747414926728664,18.133333333333333,87.83333333333333
112,Non Critical,6439,5989,0.06988662835844076,8.35,28.58666666666665
112,Serious,6683,6488,0.029178512644022145,5.5,12.016666666666667
113,Critical,3252,3209,0.013222632226322263,4.966666666666667,12.116666666666667
113,Non CIP,149508,101525,0.3209125933060438,42.9,216.85
113,Non Critical,11807,10975,0.07046667231303463,10.883333333333333,59.69666666666669
113,Serious,6961,6746,0.030886366901307284,6.283333333333333,21.383333333333333
114,Critical,4390,4296,0.0214123006833713,4.574999999999999,11.091666666666667
114,Non CIP,235712,165687,0.2970531835460223,30.833333333333332,169.10666666666657
114,Non Critical,19113,17498,0.08444514204991367,10.6,48.055000000000014
114,Serious,12257,11839,0.034021375540507465,6.683333333333334,19.290000000000024
115,Critical,3774,3695,0.02066772655007949,4.233333333333333,11.166666666666666
115,Non CIP,181529,121718,0.3294735276457205,30.216666666666665,138.83333333333334
115,Non Critical,16223,14460,0.10861123096837823,10.083333333333334,46.88666666666668
115,Serious,11302,10848,0.04016988143691382,6.566666666666666,24.160000000000036
116,Critical,451,440,0.024390243902439025,4.4,8.256666666666668
116,Non CIP,29087,19475,0.3304225255268677,19.316666666666666,85.17000000000007
116,Non Critical,1879,1735,0.07663650878126663,9.466666666666667,31.316666666666723
116,Serious,963,940,0.023883696780893044,5.983333333333333,14.505
120,Critical,3604,3542,0.016925638179800223,4.316666666666666,10.231666666666667
120,Non CIP,168566,107010,0.36515074214254356,20.15,124.41833333333344
120,Non Critical,13165,12055,0.0843144701860995,7.816666666666666,32.94333333333334
120,Serious,7984,7719,0.03319138276553106,5.583333333333333,15.236666666666663
121,Critical,2024,1994,0.014822134387351778,4.433333333333334,9.661666666666667
121,Non CIP,126561,78157,0.3824479895070361,21.75,128.72333333333347
121,Non Critical,8504,7921,0.06855597365945437,7.983333333333333,28.516666666666666
121,Serious,6115,5950,0.02698282910874898,5.75,14.201666666666672
122,Critical,1765,1733,0.018130311614730877,5.583333333333333,11.033333333333333
122,Non CIP,123332,78240,0.3656066552070833,20.816666666666666,99.93333333333334
122,Non Critical,6629,6269,0.05430683360989591,9.65,27.789999999999996
122,Serious,4088,4000,0.021526418786692758,6.933333333333334,15.034999999999998
123,Critical,853,843,0.011723329425556858,5.25,9.98333333333334
123,Non CIP,68119,40237,0.40928375343149487,16.733333333333334,75.29000000000002
123,Non Critical,2773,2594,0.06455102776776055,8.75,24.208333333333357
123,Serious,1671,1627,0.026331538001196888,6.15,12.816666666666666
13,Critical,2378,2280,0.04121110176619008,3.433333333333333,10.268333333333333
13,Non CIP,186007,108305,0.4177315907465848,20.766666666666666,117.2
13,Non Critical,15675,12763,0.18577352472089315,10.65,50.383333333333425
13,Serious,14125,12949,0.08325663716814159,6.15,23.9
14,Critical,3484,3304,0.05166475315729047,4.25,13.011666666666672
14,Non CIP,255901,106612,0.5833623158956003,16.433333333333334,98.46666666666667
14,Non Critical,24422,16552,0.32216853656539185,10.9,49.54499999999998
14,Serious,14230,12401,0.1285312719606465,6.833333333333333,30.2
17,Critical,1054,1024,0.028462998102466792,3.908333333333333,9.861666666666668
17,Non CIP,112623,50113,0.5550287241504843,19.316666666666666,89.5
17,Non Critical,8182,6327,0.22671718406257638,8.6,32.39666666666668
17,Serious,6249,5600,0.1038566170587294,5.866666666666666,17.56833333333334
18,Critical,3089,2971,0.03820006474587245,3.8833333333333333,10.55
18,Non CIP,242065,101507,0.5806498254601037,19.583333333333332,98.73333333333333
18,Non Critical,18678,13560,0.27390512902880393,9.6,43.45
18,Serious,15069,13175,0.12568849956865089,6.25,23.28666666666668
19,Critical,2167,2101,0.030456852791878174,4.166666666666667,11.166666666666666
19,Non CIP,197144,112591,0.4288844702349552,23.633333333333333,119.95
19,Non Critical,11797,9951,0.15648046113418665,11.333333333333334,51.06666666666667
19,Serious,12949,11950,0.07714881458027648,7.5,27.585000000000004
20,Critical,1095,1067,0.025570776255707764,3.25,7.9799999999999995
20,Non CIP,94227,57892,0.3856113428210598,14.566666666666666,75.38333333333334
20,Non Critical,6520,5638,0.13512269938650306,7.783333333333333,33.86333333333335
20,Serious,5881,5530,0.05968372725726917,4.766666666666667,13.566666666666666
22,Critical,10,10,0.0,4.208333333333333,8.506666666666664
22,Non CIP,600,427,0.28833333333333333,8.883333333333333,35.88000000000004
22,Non Critical,42,32,0.23809523809523808,7.275,29.10333333333334
22,Serious,27,23,0.14814814814814814,5.55,11.156666666666666
23,Critical,2514,2420,0.03739061256961018,4.3,12.984999999999998
23,Non CIP,129996,78208,0.39837379611680357,19.5,109.95500000000006
23,Non Critical,10760,9219,0.14321561338289962,11.533333333333333,62.053333333333406
23,Serious,5686,5408,0.048892015476609214,5.833333333333333,20.02333333333336
24,Critical,2397,1794,0.25156445556946183,3.3,9.951666666666668
24,Non CIP,116394,71420,0.38638589618021546,12.633333333333333,64.18499999999997
24,Non Critical,10301,8592,0.16590622269682556,7.683333333333334,37.096666666666685
24,Serious,11001,8896,0.19134624125079538,5.05,17.641666666666666
25,Critical,2945,2821,0.042105263157894736,4.166666666666667,12.266666666666667
25,Non CIP,132780,70206,0.4712381382738364,19.133333333333333,103.07499999999999
25,Non Critical,12297,9834,0.20029275433032448,10.083333333333334,48.34500000000001
25,Serious,5758,5328,0.07467870788468219,5.65,19.460000000000004
26,Critical,1141,1072,0.060473269062226116,3.95,12.148333333333333
26,Non CIP,77725,49602,0.3618140881312319,13.533333333333333,74.41500000000003
26,Non Critical,5377,4603,0.1439464385344988,7.783333333333333,37.88
26,Serious,2640,2547,0.035227272727272725,4.55,12.420000000000012
28,Critical,2602,2486,0.044581091468101464,3.85,10.966666666666667
28,Non CIP,112835,64494,0.428422032170869,15.366666666666667,81.4
28,Non Critical,12845,9896,0.22958349552355,10.1,48.025
28,Serious,7641,6709,0.12197356366967674,5.333333333333333,20.323333333333327
30,Critical,1794,1769,0.013935340022296544,2.9,7.170000000000001
30,Non CIP,83102,60705,0.26950013236745207,12.683333333333334,72.3433333333333
30,Non Critical,7611,6930,0.08934436999080278,7.266666666666667,39.266666666666666
30,Serious,4110,3981,0.031386861313868614,3.9833333333333334,11.866666666666667
32,Critical,3817,3675,0.03694000523971706,4.566666666666666,14.843333333333332
32,Non CIP,157962,96709,0.38776414580721946,25.15,135.96666666666667
32,Non Critical,13874,11894,0.14271298832348278,11.716666666666667,59.52833333333334
32,Serious,7167,6843,0.045207199665131856,6.066666666666666,22.14666666666667
33,Critical,2432,2359,0.030016447368421052,3.3833333333333333,8.6
33,Non CIP,114103,64273,0.4367106912175841,19.533333333333335,105.75
33,Non Critical,9426,8160,0.1343093570973902,8.316666666666666,38.70500000000002
33,Serious,5057,4798,0.05121613604904093,4.7,14.133333333333333
34,Critical,3000,2859,0.047,3.8333333333333335,11.233333333333333
34,Non CIP,136182,87091,0.3604661408996784,28.116666666666667,160.51666666666668
34,Non Critical,10341,9307,0.0999903297553428,10.183333333333334,51.47333333333333
34,Serious,7396,7037,0.04853975121687398,5.416666666666667,19.84000000000001
40,Critical,7102,6840,0.03689101661503802,4.683333333333334,16.65
40,Non CIP,286291,141021,0.5073963205270162,37.083333333333336,242.31666666666666
40,Non Critical,25049,19260,0.23110703022076728,16.55,105.46833333333373
40,Serious,13862,12813,0.07567450584331266,6.883333333333334,33.7766666666667
41,Critical,3239,3149,0.02778635381290522,3.7333333333333334,9.416666666666666
41,Non CIP,129863,72688,0.44026397049198,29.233333333333334,154.00500000000005
41,Non Critical,11791,10501,0.10940547875498262,7.416666666666667,30.5
41,Serious,6251,5968,0.04527275635898256,4.733333333333333,13.855000000000002
42,Critical,6025,5775,0.04149377593360996,5.6,19.816666666666666
42,Non CIP,195860,97102,0.5042121923823139,44.71666666666667,248.19666666666694
42,Non Critical,19491,15572,0.20106715920168283,17.35,101.74166666666663
42,Serious,10478,9878,0.057262836419163965,8.0,35.07500000000009
43,Critical,5806,5618,0.03238029624526352,5.016666666666667,15.255000000000003
43,Non CIP,241708,132150,0.45324937527926257,45.95,263.8516666666668
43,Non Critical,18793,16045,0.14622465811738414,13.733333333333333,85.59333333333333
43,Serious,13418,12682,0.054777165002235804,6.766666666666667,27.114999999999995
44,Critical,8355,7951,0.04823459006582884,5.55,19.8
44,Non CIP,269431,122971,0.5435825870074342,43.31666666666667,249.7
44,Non Critical,24687,19279,0.21906266456029488,18.266666666666666,110.32333333333335
44,Serious,14091,12979,0.07877368533106238,8.033333333333333,37.06666666666667
45,Critical,2297,2233,0.027862429255550717,5.566666666666666,14.143333333333333
45,Non CIP,130713,77233,0.40913298600751263,46.78333333333333,237.17666666666676
45,Non Critical,8084,7257,0.10230084116773874,12.233333333333333,67.9866666666667
45,Serious,6365,6018,0.05451688923802042,7.366666666666666,23.12166666666667
46,Critical,9663,8663,0.1034875297526648,6.45,29.23333333333335
46,Non CIP,239785,117250,0.5109201993452468,69.60833333333332,361.6350000000001
46,Non Critical,24357,19018,0.21919776655581558,22.5,145.9583333333333
46,Serious,13398,12137,0.0941185251530079,9.65,51.53999999999999
47,Critical,6996,6774,0.03173241852487135,5.85,20.244999999999997
47,Non CIP,236547,134912,0.42964400309452244,58.708333333333336,325.05
47,Non Critical,21162,17775,0.16005103487383046,18.95,119.58666666666672
47,Serious,13241,12415,0.06230647232082169,8.316666666666666,37.27666666666667
48,Critical,6591,6391,0.030344409042633896,4.966666666666667,20.5
48,Non CIP,197041,105216,0.46598931186910336,54.75833333333333,271.60833333333335
48,Non Critical,18363,15154,0.1747535805696237,19.4,126.02333333333335
48,Serious,11836,11136,0.05914160189253126,7.116666666666666,39.675
49,Critical,3572,3470,0.02855543113101904,4.725,13.35999999999999
49,Non CIP,151807,80756,0.4680350708465354,40.0,200.03333333333336
49,Non Critical,11748,10003,0.1485359210078311,11.433333333333334,64.15000000000009
49,Serious,9916,9230,0.0691811214199274,6.316666666666666,22.783333333333335
5,Critical,1692,1643,0.028959810874704492,4.033333333333333,10.426666666666666
5,Non CIP,130635,73023,0.44099973207792703,17.35,88.51333333333338
5,Non Critical,10314,8146,0.21019972852433585,10.15,42.458333333333336
5,Serious,5093,4772,0.06302768505792264,5.9,19.715000000000007
50,Critical,2279,2225,0.02369460289600702,4.883333333333334,11.983333333333333
50,Non CIP,110925,66882,0.39704304710389904,30.183333333333334,147.84833333333336
50,Non Critical,7512,6668,0.11235356762513313,11.383333333333333,57.416666666666664
50,Serious,5502,5248,0.04616503089785533,6.083333333333333,17.97666666666667
52,Critical,6096,5918,0.0291994750656168,4.491666666666667,14.171666666666669
52,Non CIP,226550,132894,0.4133833590818804,36.733333333333334,192.96666666666667
52,Non Critical,23259,19786,0.14931854335955974,13.766666666666667,74.96666666666667
52,Serious,11989,11185,0.06706147301693219,5.983333333333333,27.32666666666667
6,Critical,1960,1905,0.02806122448979592,3.533333333333333,7.776666666666669
6,Non CIP,115446,72201,0.3745474074459054,12.283333333333333,60.25
6,Non Critical,10708,9082,0.1518490847964139,7.133333333333334,27.381666666666675
6,Serious,8520,8034,0.05704225352112676,5.05,15.433333333333334
60,Critical,2561,2499,0.02420929324482624,4.516666666666667,11.876666666666681
60,Non CIP,158821,88020,0.44577858091814054,20.233333333333334,112.0350000000001
60,Non Critical,11437,10063,0.1201363994054385,9.1,39.313333333333354
60,Serious,6473,6239,0.036150162212266336,5.55,15.819999999999997
61,Critical,2665,2606,0.022138836772983114,4.583333333333333,11.866666666666667
61,Non CIP,161106,101276,0.3713641950020483,31.666666666666668,166.11666666666667
61,Non Critical,10650,9587,0.09981220657276996,10.966666666666667,51.589999999999996
61,Serious,7156,6759,0.055477920626048075,6.533333333333333,21.606666666666644
62,Critical,1970,1951,0.009644670050761422,4.1,8.3
62,Non CIP,149070,91397,0.38687864761521434,26.133333333333333,131.14000000000016
62,Non Critical,9060,8251,0.08929359823399559,8.983333333333333,40.4
62,Serious,6509,6290,0.03349208787832232,5.366666666666666,14.835000000000006
63,Critical,1841,1813,0.015209125475285171,3.9833333333333334,9.746666666666666
63,Non CIP,108857,73727,0.3227077725823787,25.016666666666666,122.25
63,Non Critical,6706,6150,0.08291082612585744,9.45,42.353333333333346
63,Serious,5980,5741,0.03996655518394649,5.183333333333334,15.283333333333333
66,Critical,2134,2072,0.029053420805998126,4.983333333333333,12.615000000000002
66,Non CIP,132005,88887,0.3266164160448468,33.7,166.13333333333333
66,Non Critical,7872,7304,0.07215447154471545,8.991666666666667,40.306666666666665
66,Serious,4637,4503,0.028897994392926462,6.066666666666666,17.28666666666668
67,Critical,5633,5490,0.02538611752174685,5.2,16.06833333333334
67,Non CIP,208630,135679,0.3496477016728179,36.61666666666667,191.8866666666666
67,Non Critical,19596,17864,0.08833435394978567,14.691666666666666,76.30666666666669
67,Serious,9319,9010,0.0330507565189398,7.283333333333333,27.36833333333334
68,Critical,1623,1574,0.030191004313000615,3.7666666666666666,8.828333333333335
68,Non CIP,139194,84367,0.3938819201977097,23.683333333333334,114.48333333333333
68,Non Critical,7041,6553,0.06930833688396534,7.8,35.12000000000001
68,Serious,6017,5807,0.034901113511716805,4.95,13.990000000000009
69,Critical,1925,1900,0.012987012987012988,3.9166666666666665,9.018333333333336
69,Non CIP,98556,72664,0.26271358415520113,23.566666666666666,148.84500000000008
69,Non Critical,7618,7210,0.05342609608821213,6.991666666666667,32.666666666666664
69,Serious,4329,4229,0.0231000231000231,5.166666666666667,15.013333333333351
7,Critical,1566,1515,0.032567049808429116,3.25,9.920000000000005
7,Non CIP,99107,57541,0.4193649288143118,14.483333333333333,83.35
7,Non Critical,8316,6795,0.1827801827801828,8.066666666666666,43.0
7,Serious,6762,6187,0.08503401360544217,4.683333333333334,16.963333333333352
70,Critical,3530,3450,0.0226628895184136,4.4,11.95666666666666
70,Non CIP,184503,112534,0.3900586982325491,37.9,229.63333333333333
70,Non Critical,15221,13749,0.0967084948426516,10.033333333333333,56.47000000000001
70,Serious,9243,8846,0.04295142269825814,6.033333333333333,20.725
71,Critical,2879,2741,0.04793331017714484,4.616666666666666,13.883333333333333
71,Non CIP,129996,84388,0.3508261792670544,31.633333333333333,195.38833333333338
71,Non Critical,11295,10101,0.10571049136786188,12.25,70.33333333333333
71,Serious,5711,5435,0.048327788478375065,6.05,21.003333333333376
72,Critical,2256,2190,0.02925531914893617,3.6666666666666665,9.836666666666671
72,Non CIP,149462,86045,0.4242951385636483,23.533333333333335,124.18333333333334
72,Non Critical,9688,8712,0.10074318744838975,7.75,36.79833333333334
72,Serious,5924,5685,0.04034436191762323,4.966666666666667,16.04333333333334
73,Critical,6926,5962,0.13918567715853306,4.866666666666666,16.65
73,Non CIP,205627,117504,0.4285332179139899,22.825,125.54499999999994
73,Non Critical,22270,17030,0.23529411764705882,13.8,64.03333333333333
73,Serious,13254,11935,0.09951712690508525,7.416666666666667,27.526666666666674
75,Critical,9436,9144,0.030945315811784654,5.916666666666667,17.95
75,Non CIP,314331,172479,0.45127906569826076,36.0,181.58333333333334
75,Non Critical,29317,23359,0.20319268683698877,19.033333333333335,88.63333333333334
75,Serious,17984,16785,0.06667037366548043,9.15,35.476666666666674
76,Critical,1136,1090,0.040492957746478875,3.75,9.003333333333334
76,Non CIP,67243,41858,0.3774816709545975,15.133333333333333,71.85
76,Non Critical,3795,3329,0.1227931488801054,8.55,33.006666666666675
76,Serious,2249,2159,0.040017785682525564,5.466666666666667,14.976666666666668
77,Critical,3391,3223,0.049542907696844586,4.8,13.626666666666688
77,Non CIP,125466,86714,0.3088565826598441,26.716666666666665,142.96666666666667
77,Non Critical,10937,9840,0.1003017280789979,12.1,57.02000000000001
77,Serious,5474,5263,0.03854585312385824,6.55,21.99333333333334
78,Critical,1397,1365,0.02290622763063708,3.5833333333333335,8.216666666666667
78,Non CIP,102543,58184,0.4325892552392655,15.633333333333333,80.71666666666667
78,Non Critical,8220,7202,0.12384428223844282,7.45,28.475000000000048
78,Serious,4802,4523,0.05810079133694294,4.783333333333333,12.89333333333334
79,Critical,4284,4136,0.03454715219421102,4.066666666666666,10.508333333333333
79,Non CIP,148423,101374,0.31695896188596107,17.35,92.87833333333329
79,Non Critical,14361,12433,0.13425248938096232,10.233333333333333,46.5
79,Serious,8882,8378,0.05674397658185094,5.783333333333333,20.77166666666667
81,Critical,2946,2879,0.022742701968771217,3.95,9.586666666666671
81,Non CIP,104148,70389,0.3241252832507585,18.4,92.6533333333334
81,Non Critical,10004,8908,0.1095561775289884,8.05,33.71500000000001
81,Serious,5673,5420,0.04459721487748986,5.25,15.358333333333363
83,Critical,4103,4017,0.02096027297099683,4.316666666666666,10.306666666666668
83,Non CIP,167728,108548,0.3528271964132405,21.983333333333334,106.51666666666667
83,Non Critical,13961,12688,0.09118258004440942,9.833333333333334,43.498333333333385
83,Serious,7184,6943,0.033546770601336304,5.633333333333334,17.1
84,Critical,1854,1824,0.016181229773462782,3.966666666666667,9.951666666666668
84,Non CIP,161189,102030,0.3670163596771492,16.4,92.35
84,Non Critical,11681,10204,0.12644465371115488,8.966666666666667,33.98000000000005
84,Serious,7332,6923,0.05578286961265685,5.85,17.966666666666665
88,Critical,1677,1637,0.02385211687537269,4.35,10.723333333333334
88,Non CIP,94640,64887,0.3143808114961961,16.6,84.01333333333338
88,Non Critical,8022,7180,0.10483669907753677,10.0,40.06833333333334
88,Serious,3919,3751,0.04286807859147742,6.066666666666666,17.25
9,Critical,2526,2455,0.0281076801266825,3.85,9.663333333333329
9,Non CIP,128407,81070,0.3686247634474756,17.016666666666666,88.38333333333334
9,Non Critical,12537,10819,0.1370343782404084,8.5,38.49333333333337
9,Serious,8799,8236,0.06398454369814752,5.816666666666666,19.25
90,Critical,2995,2931,0.021368948247078464,3.75,8.133333333333333
90,Non CIP,148700,96697,0.34970410221923337,17.45,85.93333333333334
90,Non Critical,11026,9675,0.12252856883729367,8.066666666666666,37.93333333333333
90,Serious,5584,5392,0.034383954154727794,4.566666666666666,13.346666666666685
94,Critical,1671,1615,0.033512866546977854,4.0,9.65
94,Non CIP,85738,56786,0.3376799085586321,18.383333333333333,87.0
94,Non Critical,6583,5911,0.10208111803129272,8.516666666666667,33.28333333333333
94,Serious,4775,4520,0.05319371727748691,5.708333333333334,16.166666666666668
