priority,year,n,arrived,med_wait,mean_wait,p90_wait,med_dispatch,mean_dispatch,med_travel,mean_travel
Critical,2022,62525,0.9614074370251899,4.383333333333334,7.415824322076188,12.2,1.0166666666666666,2.2022220373759227,3.1166666666666667,5.21360228470027
Critical,2023,62845,0.9585010740711274,4.616666666666666,8.314562996657598,13.741666666666667,1.1166666666666667,2.6230960997852875,3.216666666666667,5.691466896872303
Critical,2024,62043,0.963138468481537,4.733333333333333,8.272460045184502,13.866666666666667,1.1666666666666667,2.4617994890160775,3.3,5.810719047220585
Critical,2025,56914,0.9651755279895984,4.683333333333334,8.465610815796516,13.8,1.1166666666666667,2.5868828733707154,3.283333333333333,5.878727942425791
Critical,2026,27175,0.9529714811407544,4.7,8.615198028085619,13.790000000000024,1.1,2.590496325185673,3.316666666666667,6.024701702899948
Non CIP,2022,2876836,0.6115180010261273,23.933333333333334,53.196196683806946,139.61666666666667,3.3333333333333335,10.64721100024681,16.183333333333334,42.549498028549046
Non CIP,2023,2959354,0.6030711432292318,26.25,60.98065217269565,162.71666666666667,3.466666666666667,12.758561945815828,17.833333333333332,48.222512647727385
Non CIP,2024,3022632,0.6036388154429649,27.716666666666665,62.53980368825833,167.01666666666668,3.216666666666667,10.844696414553152,19.7,51.69580567333439
Non CIP,2025,3104232,0.5889546915307876,26.083333333333332,61.674264915563924,162.98333333333332,2.9166666666666665,11.602671221674292,18.433333333333334,50.071889531790085
Non CIP,2026,1612133,0.54407297660925,25.866666666666667,61.95682469773483,165.65,2.816666666666667,11.899705147763116,18.25,50.057119549969826
Non Critical,2022,227685,0.8618617827261348,9.6,20.554881071292634,46.36666666666667,2.05,6.731944529381396,6.275,13.823269137337542
Non Critical,2023,239291,0.8510809014965043,11.1,26.08223708977824,61.483333333333334,2.4,9.166084043709402,7.0,16.916392748997247
Non Critical,2024,246972,0.8532667670829082,11.9,26.208965153966936,61.68333333333333,2.45,8.16588390033864,7.633333333333334,18.043081253628173
Non Critical,2025,241066,0.858233844673243,11.4,27.354635300107454,63.0,2.1666666666666665,8.656411824225282,7.583333333333333,18.69827393697992
Non Critical,2026,124204,0.838008437731474,11.65,28.841006782982976,67.2,2.1,8.917794441668915,7.883333333333334,19.923212341313985
Serious,2022,163806,0.9326520396078287,6.133333333333334,11.171245197059664,21.366666666666667,1.2166666666666666,3.0419011679790877,4.483333333333333,8.129344029080563
Serious,2023,159103,0.935670603319862,6.483333333333333,12.438541036905686,24.108333333333334,1.3333333333333333,3.7317798109261586,4.616666666666666,8.706761225979523
Serious,2024,153652,0.941198292244813,6.6,12.242019560116336,23.766666666666666,1.3833333333333333,3.398024856975586,4.683333333333334,8.84399470314079
Serious,2025,142186,0.95081794269478,6.066666666666666,11.425558958123757,21.2,1.2333333333333334,3.1463607314042212,4.383333333333334,8.279198226719549
Serious,2026,65368,0.946349895973565,5.9,11.214295759848703,20.6,1.1833333333333333,3.15222892183012,4.266666666666667,8.062066838018579
