tier,nbhd,n,med,idx,id,name,area,residential,pop,households,median_income,income_capped,share_hispanic,share_black,share_white,share_asian,makeup,in_groups,income_quintile
less,MN0501,80479,17.433333333333334,-0.14771904417089066,MN0501,Midtown South-Flatiron-Union Square,Manhattan,True,29148,15619,188656.0,False,0.1166,0.0643,0.586,0.1835,White,True,5.0
less,BX0603,46003,44.21666666666667,0.7364417177914109,BX0603,Belmont,Bronx,True,35608,12802,30259.0,False,0.6005,0.2087,0.1419,0.0202,Hispanic,True,1.0
less,SI0105,14470,26.116666666666667,0.0101522842639592,SI0105,Westerleigh-Castleton Corners,Staten Island,True,31542,10804,119614.0,False,0.2014,0.0176,0.635,0.1099,White,True,5.0
less,BX0701,57186,31.666666666666668,0.3027637807298824,BX0701,University Heights (North)-Fordham,Bronx,True,42305,16160,43074.0,False,0.7965,0.1431,0.0247,0.0222,Hispanic,True,1.0
less,SI0302,21758,20.266666666666666,-0.11495500985755558,SI0302,Great Kills-Eltingville,Staten Island,True,58253,19882,122609.0,False,0.1432,0.0037,0.7399,0.0911,White,True,5.0
less,QN1101,19793,20.533333333333335,-0.2153484729835553,QN1101,Auburndale,Queens,True,34216,12682,94958.0,False,0.1655,0.0127,0.3213,0.4596,No majority,True,4.0
less,QN1306,28834,33.78333333333333,0.23449213175654782,QN1306,Springfield Gardens (South)-Brookville,Queens,True,24458,6819,115601.0,False,0.123,0.754,0.0339,0.0364,Black,True,5.0
less,BK0201,20806,19.541666666666668,-0.17541309669522642,BK0201,Brooklyn Heights,Brooklyn,True,26031,12601,184173.0,False,0.0831,0.0338,0.7152,0.1036,White,True,5.0
less,BK1002,24268,25.2,-0.04798798709394103,BK1002,Dyker Heights,Brooklyn,True,39148,13587,77998.0,False,0.1379,0.0138,0.3909,0.4365,No majority,True,3.0
less,BX0401,73768,35.03333333333333,0.5511894302102491,BX0401,Concourse-Concourse Village,Bronx,True,67780,27203,45014.0,False,0.5451,0.3669,0.0531,0.0147,Hispanic,True,1.0
less,BK1601,51152,23.383333333333333,0.08201438848920861,BK1601,Ocean Hill,Brooklyn,True,39942,15700,57858.0,False,0.2364,0.6087,0.0742,0.0191,Black,True,2.0
urgent,BX1203,5613,7.5,0.3089005235602096,BX1203,Wakefield-Woodlawn,Bronx,True,49552,18594,81416.0,False,0.2489,0.515,0.1324,0.0297,Black,True,3.0
urgent,BK1103,2495,5.35,-0.08759124087591241,BK1103,Gravesend (West),Brooklyn,True,56517,18221,73563.0,False,0.1752,0.0223,0.3371,0.4364,No majority,True,2.0
urgent,BK0601,4545,4.7,-0.14532019704433496,BK0601,Carroll Gardens-Cobble Hill-Gowanus-Red Hook,Brooklyn,True,60738,26206,135228.0,False,0.1862,0.1193,0.5473,0.064,White,True,5.0
less,QN0201,36707,26.516666666666666,0.1758112094395281,QN0201,Long Island City-Hunters Point,Queens,True,30464,15844,175958.0,False,0.0971,0.0314,0.4554,0.3368,No majority,True,5.0
less,MN0203,42274,11.233333333333333,-0.4557180384347288,MN0203,West Village,Manhattan,True,31913,18404,177519.0,False,0.1152,0.0243,0.7551,0.0651,White,True,5.0
urgent,MN0402,8567,5.416666666666667,-0.05352798053527974,MN0402,Hell's Kitchen,Manhattan,True,54743,32736,106980.0,False,0.1985,0.06,0.5205,0.1484,White,True,4.0
urgent,MN0401,11000,5.6,-0.06812652068126512,MN0401,Chelsea-Hudson Yards,Manhattan,True,62960,35994,126660.0,False,0.1626,0.0745,0.5501,0.1474,White,True,5.0
less,BX1003,16989,45.016666666666666,0.6022775200337411,BX1003,Pelham Bay-Country Club-City Island,Bronx,True,28351,11597,79064.0,False,0.4112,0.0613,0.3998,0.0881,No majority,True,3.0
urgent,BK1602,10334,6.033333333333333,0.05352798053527996,BK1602,Brownsville,Brooklyn,True,59014,21897,37833.0,False,0.233,0.6268,0.0427,0.0185,Black,True,1.0
less,QN0701,26152,48.28333333333333,0.775955981771606,QN0701,College Point,Queens,True,30120,9642,87874.0,False,0.3755,0.0177,0.2143,0.3819,No majority,True,4.0
urgent,BK1302,5279,5.033333333333333,-0.12427745664739887,BK1302,Coney Island-Sea Gate,Brooklyn,True,54465,22185,42649.0,False,0.196,0.2071,0.4801,0.074,No majority,True,1.0
urgent,MN0803,3925,6.716666666666667,0.09248554913294793,MN0803,Upper East Side-Yorkville,Manhattan,True,78549,43013,145879.0,False,0.106,0.0433,0.7153,0.0865,White,True,5.0
urgent,BK0602,2958,4.516666666666667,-0.21586624091397766,BK0602,Park Slope,Brooklyn,True,59281,25910,196735.0,False,0.117,0.0524,0.6763,0.0868,White,True,5.0
urgent,BX0402,4806,7.55,0.3142586982787301,BX0402,Highbridge,Bronx,True,30812,12162,48136.0,False,0.6153,0.3225,0.0397,0.0014,Hispanic,True,1.0
urgent,BX0503,5285,7.15,0.3140243902439024,BX0503,Fordham Heights,Bronx,True,30863,10692,38556.0,False,0.7729,0.1864,0.0119,0.0064,Hispanic,True,1.0
urgent,BX0803,1985,6.533333333333333,0.11780104712041894,BX0803,Riverdale-Spuyten Duyvil,Bronx,True,47430,20096,107044.0,False,0.2579,0.0871,0.541,0.0493,White,True,4.0
urgent,BK0402,5994,5.191666666666666,-0.053265757052092244,BK0402,Bushwick (East),Brooklyn,True,59859,23198,77143.0,False,0.4578,0.2457,0.1899,0.046,No majority,True,3.0
urgent,BK0802,8754,5.866666666666666,0.03926701570680624,BK0802,Crown Heights (North),Brooklyn,True,85819,37294,78999.0,False,0.1292,0.5345,0.2123,0.0391,Black,True,3.0
urgent,BX1103,2121,5.65,-0.024330900243308973,BX1103,Pelham Gardens,Bronx,True,27832,9181,90296.0,False,0.3583,0.3228,0.1821,0.1117,No majority,True,4.0
urgent,QN1203,3224,5.716666666666667,-0.0064102564102563875,QN1203,Baisley Park,Queens,True,43885,13205,85891.0,False,0.1465,0.614,0.0129,0.0739,Black,True,4.0
urgent,MN0301,2955,4.916666666666667,-0.12895377128953767,MN0301,Chinatown-Two Bridges,Manhattan,True,38006,18246,33368.0,False,0.1606,0.0704,0.1395,0.5955,Asian,True,1.0
urgent,QN1303,3057,5.65,-0.011560693641618491,QN1303,Queens Village,Queens,True,55339,16816,99729.0,False,0.1942,0.3873,0.0469,0.2321,No majority,True,4.0
urgent,SI0107,2577,4.633333333333334,-0.20663265306122447,SI0107,Mariner's Harbor-Arlington-Graniteville,Staten Island,True,32272,10865,90698.0,False,0.3662,0.2709,0.1948,0.1212,No majority,True,4.0
urgent,QN0801,1230,5.65,-0.014393892307373646,QN0801,Kew Gardens Hills,Queens,True,35598,12834,82199.0,False,0.1879,0.0554,0.4823,0.1986,No majority,True,3.0
urgent,QN1301,823,6.783333333333333,0.13625304136253047,QN1301,Glen Oaks-Floral Park-New Hyde Park,Queens,True,22157,8972,110722.0,False,0.1095,0.0469,0.3209,0.4802,No majority,True,5.0
urgent,BX0904,2720,6.85,0.16830870279146137,BX0904,Parkchester,Bronx,True,29460,12480,58091.0,False,0.3302,0.3197,0.0309,0.2729,No majority,True,2.0
urgent,BK0801,1139,5.083333333333333,-0.08759124087591241,BK0801,Prospect Heights,Brooklyn,True,23969,11243,171205.0,False,0.1293,0.1249,0.5731,0.0869,White,True,5.0
less,BK0902,52320,28.4,0.26148476499998075,BK0902,Prospect Lefferts Gardens-Wingate,Brooklyn,True,44881,20116,75000.0,False,0.0924,0.5011,0.2885,0.0382,Black,True,3.0
less,BK0302,92528,16.55,-0.26146222622091153,BK0302,Bedford-Stuyvesant (East),Brooklyn,True,92769,37000,75024.0,False,0.1838,0.5465,0.174,0.0321,Black,True,3.0
urgent,QN1001,6978,5.716666666666667,-0.022435897435897578,QN1001,South Ozone Park,Queens,True,80840,22848,99534.0,False,0.2271,0.1744,0.0477,0.2937,No majority,True,4.0
less,QN0503,21372,31.333333333333332,0.13396738376127715,QN0503,Glendale,Queens,True,35585,12880,93754.0,False,0.4398,0.0159,0.4841,0.0477,No majority,True,4.0
urgent,MN0802,7323,6.9,0.09162303664921478,MN0802,Upper East Side-Carnegie Hill,Manhattan,True,56073,27366,200000.0,True,0.0792,0.0099,0.7909,0.0775,White,True,5.0
urgent,MN0302,7880,4.5,-0.2541309808431438,MN0302,Lower East Side,Manhattan,True,47185,22062,60430.0,False,0.2829,0.1079,0.3411,0.2182,No majority,True,2.0
less,QN1103,15217,21.166666666666668,-0.2588832487309646,QN1103,Douglaston-Little Neck,Queens,True,25623,10088,120545.0,False,0.1042,0.0318,0.4115,0.4192,No majority,True,5.0
less,QN1403,19740,11.933333333333334,-0.453469812630118,QN1403,Breezy Point-Belle Harbor-Rockaway Park-Broad Channel,Queens,True,25783,9963,112790.0,False,0.1222,0.0264,0.8254,0.0133,White,True,5.0
less,SI0101,32143,14.183333333333334,-0.3050620821394461,SI0101,St. George-New Brighton,Staten Island,True,21009,7342,69207.0,False,0.3345,0.3384,0.2005,0.0764,No majority,True,2.0
less,BK0901,41600,28.3,0.16279560189499076,BK0901,Crown Heights (South),Brooklyn,True,53466,20383,79366.0,False,0.0933,0.5397,0.288,0.0173,Black,True,3.0
less,BK1801,51693,22.933333333333334,-0.13299492385786815,BK1801,Flatlands,Brooklyn,True,61589,21884,85718.0,False,0.0886,0.6156,0.1442,0.0603,Black,True,3.0
urgent,MN0502,17470,6.016666666666667,0.009732360097323589,MN0502,Midtown-Times Square,Manhattan,True,23035,13384,154436.0,False,0.1096,0.1024,0.5118,0.2026,White,True,5.0
less,BK1204,20918,32.65833333333333,0.18245888801879406,BK1204,Mapleton-Midwood (West),Brooklyn,True,37519,11256,72122.0,False,0.0974,0.0216,0.7012,0.133,White,True,2.0
less,BK0202,97120,14.166666666666666,-0.2904219606510007,BK0202,Downtown Brooklyn-DUMBO-Boerum Hill,Brooklyn,True,39977,19883,166941.0,False,0.1519,0.1411,0.4782,0.167,No majority,True,5.0
urgent,BK1701,4537,5.816666666666666,0.03926701570680624,BK1701,East Flatbush-Erasmus,Brooklyn,True,42375,17556,72431.0,False,0.0874,0.7087,0.0859,0.0353,Black,True,2.0
urgent,BX1102,2341,5.55,-0.06514657980456018,BX1102,Morris Park,Bronx,True,23701,8815,77256.0,False,0.3699,0.0748,0.3696,0.1423,No majority,True,3.0
less,BK1704,45633,32.55,0.3596813725490198,BK1704,East Flatbush-Remsen Village,Brooklyn,True,38240,14510,56346.0,False,0.0706,0.7777,0.0307,0.0025,Black,True,2.0
less,SI0102,26022,14.116666666666667,-0.29844961240310075,SI0102,Tompkinsville-Stapleton-Clifton-Fox Hills,Staten Island,True,18170,6083,54751.0,False,0.3418,0.329,0.215,0.0895,No majority,True,1.0
less,MN0902,35799,13.066666666666666,-0.4501915708812261,MN0902,Manhattanville-West Harlem,Manhattan,True,21638,8346,47741.0,False,0.4739,0.3194,0.1398,0.0439,No majority,True,1.0
less,QN0704,27684,47.083333333333336,0.5875524602487223,QN0704,Murray Hill-Broadway Flushing,Queens,True,53912,19740,71380.0,False,0.1599,0.0169,0.1967,0.5923,Asian,True,2.0
less,QN1305,18800,25.483333333333334,0.02875114630019482,QN1305,Laurelton,Queens,True,27708,8789,116714.0,False,0.0733,0.8556,0.0109,0.0121,Black,True,5.0
less,QN0705,14298,47.016666666666666,0.6217993407299094,QN0705,East Flushing,Queens,True,30771,11132,60109.0,False,0.1886,0.0162,0.1175,0.6492,Asian,True,2.0
urgent,BX0502,8012,7.616666666666666,0.3728266658312709,BX0502,Mount Hope,Bronx,True,47120,17264,40253.0,False,0.6229,0.3216,0.02,0.0051,Hispanic,True,1.0
less,SI0106,23368,17.333333333333332,-0.19346458155327828,SI0106,Port Richmond,Staten Island,True,20577,6431,79605.0,False,0.4968,0.2176,0.1802,0.0735,No majority,True,3.0
urgent,QN0302,2659,5.7,-0.014598540145985384,QN0302,East Elmhurst,Queens,True,29093,8647,81978.0,False,0.6017,0.2061,0.0446,0.1244,Hispanic,True,3.0
urgent,QN0601,2050,5.433333333333334,-0.11922141119221408,QN0601,Rego Park,Queens,True,29744,12637,84548.0,False,0.2046,0.0264,0.3502,0.3328,No majority,True,3.0
less,MN1203,36440,23.016666666666666,0.05925551071629642,MN1203,Inwood,Manhattan,True,36850,15041,68177.0,False,0.6966,0.0617,0.1788,0.026,Hispanic,True,2.0
less,BX1202,48269,46.083333333333336,0.7796610169491525,BX1202,Eastchester-Edenwald-Baychester,Bronx,True,51213,17506,73168.0,False,0.265,0.6538,0.0204,0.0107,Black,True,2.0
urgent,QN0203,3234,7.316666666666666,0.2723786958127923,QN0203,Woodside,Queens,True,46947,18812,75771.0,False,0.3639,0.0107,0.178,0.4239,No majority,True,3.0
less,SI0203,19763,24.016666666666666,-0.06413301662707838,SI0203,Todt Hill-Emerson Hill-Lighthouse Hill-Manor Heights,Staten Island,True,33910,10543,109958.0,False,0.0932,0.0317,0.6658,0.1636,White,True,5.0
urgent,MN0702,8423,4.666666666666667,-0.24817518248175174,MN0702,Upper West Side (Central),Manhattan,True,101153,48748,159834.0,False,0.1246,0.0431,0.7134,0.0616,White,True,5.0
urgent,BK1802,2764,5.1083333333333325,-0.12606822240600235,BK1802,Marine Park-Mill Basin-Bergen Beach,Brooklyn,True,42837,15127,109928.0,False,0.0885,0.1512,0.5872,0.1257,White,True,5.0
urgent,BK0505,5220,7.516666666666667,0.35934841021047914,BK0505,East New York-City Line,Brooklyn,True,47234,15755,53463.0,False,0.2407,0.4932,0.018,0.1886,No majority,True,1.0
urgent,QN1002,2339,5.916666666666667,-0.009732360097323589,QN1002,Ozone Park,Queens,True,23862,7518,85739.0,False,0.3861,0.0588,0.18,0.2704,No majority,True,3.0
urgent,BK1203,1483,5.7,0.012165450121654597,BK1203,Kensington,Brooklyn,True,38903,13951,88732.0,False,0.1694,0.0934,0.3963,0.2702,No majority,True,4.0
less,MN0601,6938,21.316666666666666,-0.004706507358387402,MN0601,Stuyvesant Town-Peter Cooper Village,Manhattan,True,22040,10527,159983.0,False,0.0685,0.0197,0.7408,0.1183,White,True,5.0
urgent,BX0601,3515,6.433333333333334,0.15815085158150866,BX0601,West Farms,Bronx,True,18442,7156,31386.0,False,0.6859,0.2704,0.0172,0.0059,Hispanic,True,1.0
urgent,BX0703,4150,5.383333333333334,-0.034582419772772544,BX0703,Norwood,Bronx,True,39556,15109,51472.0,False,0.6626,0.1366,0.0803,0.1013,Hispanic,True,1.0
less,BX0201,32756,23.866666666666667,-0.049594436378963214,BX0201,Hunts Point,Bronx,True,14219,5245,40190.0,False,0.7413,0.2123,0.0111,0.0,Hispanic,True,1.0
urgent,BK1403,2066,5.7,0.029197080291970767,BK1403,Midwood,Brooklyn,True,49291,18462,73353.0,False,0.082,0.0847,0.6195,0.1418,White,True,2.0
urgent,QN0905,2835,7.233333333333333,0.25722543352601157,QN0905,Woodhaven,Queens,True,39914,11883,91562.0,False,0.5658,0.0446,0.1328,0.2036,Hispanic,True,4.0
urgent,SI0304,824,5.683333333333334,0.020475350885057253,SI0304,Annadale-Huguenot-Prince's Bay-Woodrow,Staten Island,True,42159,14447,112699.0,False,0.0801,0.0115,0.8277,0.0545,White,True,5.0
urgent,QN0105,4621,6.316666666666666,0.09947643979057608,QN0105,Queensbridge-Ravenswood-Dutch Kills,Queens,True,29051,13688,67508.0,False,0.2893,0.1548,0.2323,0.2532,No majority,True,2.0
urgent,BX0801,2594,5.666666666666667,0.007184030560908772,BX0801,Kingsbridge Heights-Van Cortlandt Village,Bronx,True,33261,13295,58483.0,False,0.678,0.1692,0.114,0.0237,Hispanic,True,2.0
urgent,MN0202,4722,5.216666666666667,-0.10705596107055959,MN0202,Greenwich Village,Manhattan,True,31628,15537,174685.0,False,0.08,0.0411,0.6797,0.1593,White,True,5.0
urgent,BK0103,1364,4.775,-0.11350643359638857,BK0103,South Williamsburg,Brooklyn,True,50948,11859,46632.0,False,0.0791,0.084,0.7993,0.0129,White,True,1.0
urgent,QN1302,1042,5.6416666666666675,0.007621282851468791,QN1302,Bellerose,Queens,True,26891,8726,103362.0,False,0.1962,0.0914,0.1749,0.484,No majority,True,4.0
urgent,BX0302,3700,6.683333333333334,0.2062609075043631,BX0302,Claremont Village-Claremont (East),Bronx,True,24213,8503,32408.0,False,0.459,0.466,0.0079,0.0,No majority,True,1.0
urgent,MN0801,2902,6.616666666666666,0.12230448176488107,MN0801,Upper East Side-Lenox Hill-Roosevelt Island,Manhattan,True,77188,40586,135727.0,False,0.091,0.036,0.6966,0.1347,White,True,5.0
urgent,BK1201,1658,5.683333333333334,0.011728666108648866,BK1201,Sunset Park (East)-Borough Park (West),Brooklyn,True,30220,9014,64154.0,False,0.2545,0.027,0.197,0.4948,No majority,True,2.0
urgent,QN1304,1002,6.25,0.10098039215686283,QN1304,Cambria Heights,Queens,True,19981,6567,110708.0,False,0.0771,0.8291,0.0216,0.0289,Black,True,5.0
less,BX0903,33140,42.516666666666666,0.5368249758919961,BX0903,Castle Hill-Unionport,Bronx,True,35838,12870,51158.0,False,0.5403,0.2164,0.0323,0.1446,Hispanic,True,1.0
urgent,MN0703,4671,4.4,-0.2774869109947644,MN0703,Upper West Side-Manhattan Valley,Manhattan,True,50132,22777,99482.0,False,0.2564,0.1319,0.4721,0.095,No majority,True,4.0
less,BK0503,60767,29.883333333333333,0.32355864811133217,BK0503,East New York-New Lots,Brooklyn,True,51641,19652,53237.0,False,0.2283,0.6725,0.0123,0.0143,Black,True,1.0
less,MN0903,58722,12.066666666666666,-0.47200552868002765,MN0903,Hamilton Heights-Sugar Hill,Manhattan,True,53598,20276,66613.0,False,0.4738,0.2505,0.1708,0.0442,No majority,True,2.0
less,MN1002,109814,22.416666666666668,-0.032079844184158546,MN1002,Harlem (North),Manhattan,True,86565,37462,48078.0,False,0.2799,0.5314,0.0974,0.0332,Black,True,1.0
less,BX0202,50133,23.25,0.03607361963190159,BX0202,Longwood,Bronx,True,40143,14677,38372.0,False,0.7128,0.2441,0.0144,0.0061,Hispanic,True,1.0
less,BX1004,20673,45.56666666666667,0.586094866796621,BX1004,Co-op City,Bronx,True,36000,16716,61714.0,False,0.2772,0.643,0.0426,0.014,Black,True,2.0
urgent,BX0303,5483,7.35,0.32972972972972947,BX0303,Crotona Park East,Bronx,True,29480,11668,39543.0,False,0.6034,0.3479,0.0153,0.0044,Hispanic,True,1.0
less,QN0602,59569,16.5,-0.32093663911845727,QN0602,Forest Hills,Queens,True,93621,40992,105204.0,False,0.1855,0.0411,0.4301,0.2797,No majority,True,4.0
less,QN1401,69331,18.616666666666667,-0.21546012269938664,QN1401,Far Rockaway-Bayswater,Queens,True,62827,20742,58061.0,False,0.2676,0.3614,0.2646,0.0406,No majority,True,2.0
less,QN0901,21641,29.583333333333332,0.12588832487309642,QN0901,Kew Gardens,Queens,True,24548,10568,91113.0,False,0.2647,0.0536,0.4194,0.1909,No majority,True,4.0
less,BK0102,51966,16.183333333333334,-0.31037007118695414,BK0102,Williamsburg,Brooklyn,True,66612,30352,148884.0,False,0.2646,0.0292,0.5499,0.0872,White,True,5.0
less,QN0102,15221,26.083333333333332,0.07309644670050752,QN0102,Old Astoria-Hallets Point,Queens,True,13998,6641,84444.0,False,0.344,0.1152,0.3446,0.1505,No majority,True,3.0
less,BX1002,29799,36.266666666666666,0.34114202049780395,BX1002,Throgs Neck-Schuylerville,Bronx,True,47903,17284,81774.0,False,0.5072,0.0939,0.2955,0.0742,Hispanic,True,3.0
urgent,BK0301,10225,5.116666666666666,-0.08759124087591241,BK0301,Bedford-Stuyvesant (West),Brooklyn,True,90068,34580,89052.0,False,0.1879,0.2836,0.4014,0.0534,No majority,True,4.0
less,QN1204,23633,32.95,0.22350356946732552,QN1204,Springfield Gardens (North)-Rochdale Village,Queens,True,33511,12948,71801.0,False,0.0912,0.8176,0.0121,0.0143,Black,True,2.0
less,MN0901,33744,12.916666666666666,-0.41495315878576156,MN0901,Morningside Heights,Manhattan,True,37716,12431,75195.0,False,0.1863,0.1317,0.4068,0.2252,No majority,True,3.0
urgent,MN1102,9815,5.166666666666667,-0.07389162561576357,MN1102,East Harlem (North),Manhattan,True,63246,28197,43964.0,False,0.4196,0.3681,0.1123,0.0597,No majority,True,1.0
urgent,BK1301,1582,6.316666666666666,0.12592865968132738,BK1301,Gravesend (South),Brooklyn,True,28604,10783,55669.0,False,0.1356,0.1123,0.4935,0.233,No majority,True,2.0
less,QN0504,15020,34.333333333333336,0.19020933233269877,QN0504,Middle Village,Queens,True,34057,12976,96187.0,False,0.2317,0.0134,0.5904,0.1235,White,True,4.0
less,BK0504,18275,38.88333333333333,0.44440093970242756,BK0504,Spring Creek-Starrett City,Brooklyn,True,16410,8244,37583.0,False,0.1996,0.5718,0.1486,0.0222,Black,True,1.0
urgent,QN1206,1657,7.25,0.3265895953757225,QN1206,Hollis,Queens,True,22264,6848,84679.0,False,0.1261,0.4546,0.0279,0.2922,No majority,True,3.0
less,BX0702,50654,33.233333333333334,0.2847987173555948,BX0702,Bedford Park,Bronx,True,49148,20487,43944.0,False,0.6935,0.1712,0.0712,0.0381,Hispanic,True,1.0
urgent,BK1202,1975,5.316666666666666,-0.025751072961373467,BK1202,Borough Park,Brooklyn,True,89673,20890,56211.0,False,0.0863,0.0085,0.7847,0.0668,White,True,2.0
less,QN1102,20845,15.8,-0.35996358256515304,QN1102,Bayside,Queens,True,35395,12688,108826.0,False,0.1493,0.0216,0.3261,0.4665,No majority,True,5.0
less,QN0501,29130,36.61666666666667,0.25154757900742064,QN0501,Maspeth,Queens,True,40680,14746,87281.0,False,0.3229,0.0072,0.4787,0.1615,No majority,True,4.0
urgent,QN0707,6425,6.033333333333333,0.035335689045936425,QN0707,Flushing-Willets Point,Queens,True,61079,26505,55243.0,False,0.1374,0.0311,0.0672,0.7463,Asian,True,1.0
urgent,QN0902,3523,6.1,0.041871921182266014,QN0902,Richmond Hill,Queens,True,32785,10389,88634.0,False,0.4142,0.0736,0.142,0.2551,No majority,True,4.0
urgent,BK0502,6564,7.05,0.26494131904579676,BK0502,East New York (North),Brooklyn,True,41335,14522,61496.0,False,0.3327,0.4981,0.0189,0.0537,No majority,True,2.0
less,BX0602,45588,53.766666666666666,1.0345323741007193,BX0602,Tremont,Bronx,True,32428,12135,37332.0,False,0.6331,0.3212,0.0146,0.0016,Hispanic,True,1.0
urgent,QN0401,7094,6.95,0.20196242037194523,QN0401,Elmhurst,Queens,True,100015,33039,71314.0,False,0.432,0.016,0.0497,0.4782,No majority,True,2.0
urgent,BX1001,1765,6.5,0.1596858638743457,BX1001,Westchester Square,Bronx,True,14680,5148,54174.0,False,0.5966,0.0809,0.0552,0.2219,Hispanic,True,1.0
less,BK1702,28805,32.93333333333333,0.2773359840954275,BK1702,East Flatbush-Farragut,Brooklyn,True,34025,12398,84202.0,False,0.0849,0.7508,0.0271,0.0201,Black,True,3.0
urgent,BK1401,5818,5.383333333333334,-0.0654450261780104,BK1401,Flatbush,Brooklyn,True,65759,25275,82675.0,False,0.1822,0.5377,0.1615,0.0526,Black,True,3.0
urgent,BX1201,8216,7.0,0.2561576354679802,BX1201,Williamsbridge-Olinville,Bronx,True,57663,21433,54119.0,False,0.3399,0.5555,0.0275,0.0231,Black,True,1.0
urgent,SI0103,2000,5.733333333333333,-0.02676399026763976,SI0103,Rosebank-Shore Acres-Park Hill,Staten Island,True,23027,8820,71746.0,False,0.2338,0.2047,0.2709,0.2511,No majority,True,2.0
urgent,QN0502,4272,5.2,-0.09247148502876101,QN0502,Ridgewood,Queens,True,66747,25112,86941.0,False,0.4662,0.0326,0.3773,0.0803,No majority,True,4.0
urgent,BK0401,5820,4.966666666666667,-0.08988396032191648,BK0401,Bushwick (West),Brooklyn,True,52698,22293,93202.0,False,0.4684,0.0838,0.3321,0.0755,No majority,True,4.0
urgent,BK0101,2476,4.633333333333334,-0.15989219302091662,BK0101,Greenpoint,Brooklyn,True,39784,19771,127599.0,False,0.1467,0.0402,0.6763,0.0545,White,True,5.0
urgent,SI0204,2249,6.133333333333334,0.007299270072992803,SI0204,New Springville-Willowbrook-Bulls Head-Travis,Staten Island,True,42601,14974,95673.0,False,0.1511,0.0321,0.579,0.2082,White,True,4.0
urgent,QN0103,2992,5.616666666666666,-0.04807692307692313,QN0103,Astoria (Central),Queens,True,48044,24001,102016.0,False,0.2472,0.0265,0.4964,0.1572,No majority,True,4.0
urgent,MN0102,4926,5.8916666666666675,-0.06569343065693423,MN0102,Tribeca-Civic Center,Manhattan,True,22563,9638,200000.0,True,0.0845,0.0418,0.604,0.1799,White,True,5.0
urgent,BK1102,1506,4.741666666666667,-0.20998001390337162,BK1102,Bath Beach,Brooklyn,True,30170,10780,69294.0,False,0.1569,0.0226,0.4375,0.3318,No majority,True,2.0
urgent,QN0202,3922,6.725,0.16578695007806488,QN0202,Sunnyside,Queens,True,46879,21055,78200.0,False,0.3714,0.0249,0.3114,0.2605,No majority,True,3.0
urgent,QN0702,1024,6.9,0.22134826400876628,QN0702,Whitestone-Beechhurst,Queens,True,29547,11007,98069.0,False,0.1657,0.0021,0.5503,0.2453,White,True,4.0
urgent,SI0202,1334,5.35,-0.08813059580741434,SI0202,New Dorp-Midland Beach,Staten Island,True,29103,9591,93732.0,False,0.1609,0.0253,0.5473,0.2359,White,True,4.0
urgent,BX0401,10000,6.9,0.23891625615763545,BX0401,Concourse-Concourse Village,Bronx,True,67780,27203,45014.0,False,0.5451,0.3669,0.0531,0.0147,Hispanic,True,1.0
less,QN1301,13097,28.066666666666666,0.058292852185982014,QN1301,Glen Oaks-Floral Park-New Hyde Park,Queens,True,22157,8972,110722.0,False,0.1095,0.0469,0.3209,0.4802,No majority,True,5.0
less,BK1602,77469,19.983333333333334,-0.07753479125248508,BK1602,Brownsville,Brooklyn,True,59014,21897,37833.0,False,0.233,0.6268,0.0427,0.0185,Black,True,1.0
urgent,BK1601,6871,6.95,0.219607843137255,BK1601,Ocean Hill,Brooklyn,True,39942,15700,57858.0,False,0.2364,0.6087,0.0742,0.0191,Black,True,2.0
less,BK0601,61042,14.5,-0.34594594594594597,BK0601,Carroll Gardens-Cobble Hill-Gowanus-Red Hook,Brooklyn,True,60738,26206,135228.0,False,0.1862,0.1193,0.5473,0.064,White,True,5.0
less,SI0107,28507,15.733333333333333,-0.309145129224652,SI0107,Mariner's Harbor-Arlington-Graniteville,Staten Island,True,32272,10865,90698.0,False,0.3662,0.2709,0.1948,0.1212,No majority,True,4.0
less,MN0803,33089,23.166666666666668,-0.004970178926441249,MN0803,Upper East Side-Yorkville,Manhattan,True,78549,43013,145879.0,False,0.106,0.0433,0.7153,0.0865,White,True,5.0
less,BK0802,95665,23.316666666666666,0.014641288433382194,BK0802,Crown Heights (North),Brooklyn,True,85819,37294,78999.0,False,0.1292,0.5345,0.2123,0.0391,Black,True,3.0
less,QN1303,41347,26.083333333333332,0.01566170712607673,QN1303,Queens Village,Queens,True,55339,16816,99729.0,False,0.1942,0.3873,0.0469,0.2321,No majority,True,4.0
less,QN1203,37210,37.71666666666667,0.3225606962895098,QN1203,Baisley Park,Queens,True,43885,13205,85891.0,False,0.1465,0.614,0.0129,0.0739,Black,True,4.0
less,MN0401,88885,15.966666666666667,-0.22137404580152675,MN0401,Chelsea-Hudson Yards,Manhattan,True,62960,35994,126660.0,False,0.1626,0.0745,0.5501,0.1474,White,True,5.0
less,QN0801,16728,30.683333333333334,0.11950018696248277,QN0801,Kew Gardens Hills,Queens,True,35598,12834,82199.0,False,0.1879,0.0554,0.4823,0.1986,No majority,True,3.0
less,BX1203,44256,53.11666666666667,1.0595716269629314,BX1203,Wakefield-Woodlawn,Bronx,True,49552,18594,81416.0,False,0.2489,0.515,0.1324,0.0297,Black,True,3.0
less,BK1302,54747,16.15,-0.2618705035971223,BK1302,Coney Island-Sea Gate,Brooklyn,True,54465,22185,42649.0,False,0.196,0.2071,0.4801,0.074,No majority,True,1.0
urgent,MN0501,11893,5.8,-0.026011560693641633,MN0501,Midtown South-Flatiron-Union Square,Manhattan,True,29148,15619,188656.0,False,0.1166,0.0643,0.586,0.1835,White,True,5.0
less,MN0402,64337,17.783333333333335,-0.15312499999999996,MN0402,Hell's Kitchen,Manhattan,True,54743,32736,106980.0,False,0.1985,0.06,0.5205,0.1484,White,True,4.0
less,BK0402,60059,20.2,-0.12972972972972963,BK0402,Bushwick (East),Brooklyn,True,59859,23198,77143.0,False,0.4578,0.2457,0.1899,0.046,No majority,True,3.0
less,MN0301,35721,16.483333333333334,-0.27525450274079877,MN0301,Chinatown-Two Bridges,Manhattan,True,38006,18246,33368.0,False,0.1606,0.0704,0.1395,0.5955,Asian,True,1.0
less,BX0904,20280,43.108333333333334,0.6710618253095106,BX0904,Parkchester,Bronx,True,29460,12480,58091.0,False,0.3302,0.3197,0.0309,0.2729,No majority,True,2.0
less,BX0402,31033,43.9,0.8038371182458885,BX0402,Highbridge,Bronx,True,30812,12162,48136.0,False,0.6153,0.3225,0.0397,0.0014,Hispanic,True,1.0
less,BX1103,16816,36.825,0.35899147527124153,BX1103,Pelham Gardens,Bronx,True,27832,9181,90296.0,False,0.3583,0.3228,0.1821,0.1117,No majority,True,4.0
less,BK0602,36965,15.166666666666666,-0.28613496932515337,BK0602,Park Slope,Brooklyn,True,59281,25910,196735.0,False,0.117,0.0524,0.6763,0.0868,White,True,5.0
less,BK1103,29125,23.933333333333334,-0.04600938967136148,BK1103,Gravesend (West),Brooklyn,True,56517,18221,73563.0,False,0.1752,0.0223,0.3371,0.4364,No majority,True,2.0
less,BK0801,16438,19.425,-0.10155739271238784,BK0801,Prospect Heights,Brooklyn,True,23969,11243,171205.0,False,0.1293,0.1249,0.5731,0.0869,White,True,5.0
less,BX0803,24803,31.466666666666665,0.16874066699850676,BX0803,Riverdale-Spuyten Duyvil,Bronx,True,47430,20096,107044.0,False,0.2579,0.0871,0.541,0.0493,White,True,4.0
urgent,BX0603,7655,6.15,0.08759124087591252,BX0603,Belmont,Bronx,True,35608,12802,30259.0,False,0.6005,0.2087,0.1419,0.0202,Hispanic,True,1.0
urgent,BX0701,6911,5.833333333333333,0.05351170568561869,BX0701,University Heights (North)-Fordham,Bronx,True,42305,16160,43074.0,False,0.7965,0.1431,0.0247,0.0222,Hispanic,True,1.0
urgent,MN0203,5253,4.483333333333333,-0.2596153846153846,MN0203,West Village,Manhattan,True,31913,18404,177519.0,False,0.1152,0.0243,0.7551,0.0651,White,True,5.0
urgent,BX1003,1636,6.65,0.17838433311934843,BX1003,Pelham Bay-Country Club-City Island,Bronx,True,28351,11597,79064.0,False,0.4112,0.0613,0.3998,0.0881,No majority,True,3.0
urgent,BK0201,1808,6.05,0.008513533096108361,BK0201,Brooklyn Heights,Brooklyn,True,26031,12601,184173.0,False,0.0831,0.0338,0.7152,0.1036,White,True,5.0
less,BX0503,36155,48.13333333333333,1.109840954274354,BX0503,Fordham Heights,Bronx,True,30863,10692,38556.0,False,0.7729,0.1864,0.0119,0.0064,Hispanic,True,1.0
urgent,BK1002,2265,5.116666666666666,-0.13381995133819946,BK1002,Dyker Heights,Brooklyn,True,39148,13587,77998.0,False,0.1379,0.0138,0.3909,0.4365,No majority,True,3.0
urgent,QN0701,2497,8.4,0.4355231143552314,QN0701,College Point,Queens,True,30120,9642,87874.0,False,0.3755,0.0177,0.2143,0.3819,No majority,True,4.0
urgent,QN0201,3626,7.958333333333334,0.3260340632603407,QN0201,Long Island City-Hunters Point,Queens,True,30464,15844,175958.0,False,0.0971,0.0314,0.4554,0.3368,No majority,True,5.0
urgent,QN1306,1923,7.716666666666667,0.3076923076923077,QN1306,Springfield Gardens (South)-Brookville,Queens,True,24458,6819,115601.0,False,0.123,0.754,0.0339,0.0364,Black,True,5.0
urgent,QN1101,990,5.341666666666667,-0.04211504681344547,QN1101,Auburndale,Queens,True,34216,12682,94958.0,False,0.1655,0.0127,0.3213,0.4596,No majority,True,4.0
urgent,SI0105,1180,6.25,0.06993849118126572,SI0105,Westerleigh-Castleton Corners,Staten Island,True,31542,10804,119614.0,False,0.2014,0.0176,0.635,0.1099,White,True,5.0
urgent,SI0302,1297,7.416666666666667,0.2931034482758621,SI0302,Great Kills-Eltingville,Staten Island,True,58253,19882,122609.0,False,0.1432,0.0037,0.7399,0.0911,White,True,5.0
less,SI0104,29807,20.3,-0.1419153365718251,SI0104,West New Brighton-Silver Lake-Grymes Hill,Staten Island,True,35957,12905,102755.0,False,0.2666,0.177,0.4603,0.0534,No majority,True,4.0
less,MN0701,43758,13.8,-0.36929761042722653,MN0701,Upper West Side-Lincoln Square,Manhattan,True,69909,37142,161733.0,False,0.1045,0.0466,0.6008,0.1873,White,True,5.0
less,QN1201,97060,19.183333333333334,-0.1187440174704193,QN1201,Jamaica,Queens,True,56742,18224,61329.0,False,0.3409,0.1831,0.0451,0.3204,No majority,True,2.0
less,QN1205,41462,34.09166666666667,0.30416100658015166,QN1205,St. Albans,Queens,True,54727,16417,100501.0,False,0.091,0.7719,0.0123,0.0333,Black,True,4.0
less,QN0104,40083,25.166666666666668,0.02434456928838946,QN0104,Astoria (East)-Woodside (North),Queens,True,36805,16717,81448.0,False,0.2926,0.0519,0.4379,0.1597,No majority,True,3.0
less,QN0101,33974,31.025,0.16751098773999562,QN0101,Astoria (North)-Ditmars-Steinway,Queens,True,48620,20521,102294.0,False,0.2191,0.0254,0.6276,0.0883,White,True,4.0
less,MN0303,72477,15.233333333333333,-0.3093525179856116,MN0303,East Village,Manhattan,True,69437,33560,83759.0,False,0.2367,0.0839,0.4914,0.1413,No majority,True,3.0
urgent,BX0101,9539,6.0,0.08012820512820507,BX0101,Mott Haven-Port Morris,Bronx,True,56600,22081,28470.0,False,0.6881,0.2414,0.0204,0.0096,Hispanic,True,1.0
less,MN1101,68690,18.366666666666667,-0.22477907668955066,MN1101,East Harlem (South),Manhattan,True,61875,26904,40655.0,False,0.4019,0.2384,0.1805,0.1262,No majority,True,1.0
less,SI0303,9896,16.483333333333334,-0.2703829902352305,SI0303,Arden Heights-Rossville,Staten Island,True,31824,10776,110417.0,False,0.1463,0.0086,0.6897,0.1292,White,True,5.0
less,MN0201,53444,17.666666666666668,-0.21637922489840422,MN0201,SoHo-Little Italy-Hudson Square,Manhattan,True,21220,11840,140383.0,False,0.0841,0.0258,0.6252,0.2254,White,True,5.0
less,MN0604,37440,15.85,-0.24910615072184872,MN0604,East Midtown-Turtle Bay,Manhattan,True,42046,23587,174434.0,False,0.0701,0.0185,0.7089,0.1449,White,True,5.0
less,QN0303,38779,25.183333333333334,0.02335984095427457,QN0303,North Corona,Queens,True,38521,9738,78737.0,False,0.8439,0.0585,0.0179,0.0741,Hispanic,True,3.0
less,BX0902,28255,32.333333333333336,0.29439055250948964,BX0902,Soundview-Clason Point,Bronx,True,35612,13149,55341.0,False,0.6487,0.2934,0.0103,0.0268,Hispanic,True,1.0
less,BK1502,24773,28.066666666666666,0.11942446043165456,BK1502,Madison,Brooklyn,True,38197,14724,73805.0,False,0.0706,0.0357,0.5943,0.2501,White,True,3.0
less,QN0904,20317,40.233333333333334,0.41686582451348597,QN0904,Ozone Park (North),Queens,True,25562,7417,82282.0,False,0.4609,0.0393,0.1201,0.3098,No majority,True,3.0
less,QN1307,21756,30.266666666666666,0.12425718577387324,QN1307,Rosedale,Queens,True,28309,8410,119940.0,False,0.0988,0.7756,0.0647,0.0129,Black,True,5.0
less,BX0501,52942,71.55,1.6373614753198602,BX0501,University Heights (South)-Morris Heights,Bronx,True,53624,19333,33353.0,False,0.6574,0.2882,0.0166,0.009,Hispanic,True,1.0
urgent,BK1803,5888,4.733333333333333,-0.17628205128205132,BK1803,Canarsie,Brooklyn,True,76746,26760,80487.0,False,0.0848,0.7734,0.0391,0.0218,Black,True,3.0
less,QN0802,26003,25.55,0.03147208121827405,QN0802,Pomonok-Electchester-Hillcrest,Queens,True,34432,12434,75054.0,False,0.2684,0.122,0.2637,0.293,No majority,True,3.0
less,MN0602,33321,17.633333333333333,-0.17069109075770184,MN0602,Gramercy,Manhattan,True,25905,13459,153708.0,False,0.0801,0.058,0.6489,0.1498,White,True,5.0
less,BK0703,28997,21.966666666666665,-0.10862944162436561,BK0703,Sunset Park (Central),Brooklyn,True,44499,13497,64894.0,False,0.4022,0.014,0.0997,0.4673,No majority,True,2.0
less,BK0203,50925,14.666666666666666,-0.32292659675881796,BK0203,Fort Greene,Brooklyn,True,33180,15102,115468.0,False,0.1703,0.2899,0.3328,0.0994,No majority,True,5.0
urgent,BX1104,5203,5.883333333333334,-0.002617801047120394,BX1104,Allerton,Bronx,True,33067,14011,43485.0,False,0.514,0.2614,0.1182,0.0582,Hispanic,True,1.0
less,BX0403,48308,35.28333333333333,0.5750497017892646,BX0403,Mount Eden-Claremont (West),Bronx,True,48394,17422,42514.0,False,0.6606,0.277,0.0158,0.0115,Hispanic,True,1.0
urgent,QN0402,4721,6.366666666666666,0.1206896551724137,QN0402,Corona,Queens,True,67341,20432,67534.0,False,0.6595,0.1203,0.0573,0.1463,Hispanic,True,2.0
less,QN0803,12775,29.433333333333334,0.06242091944327299,QN0803,Fresh Meadows-Utopia,Queens,True,20679,7952,95447.0,False,0.1469,0.0728,0.2581,0.5095,Asian,True,4.0
urgent,BX0802,3658,5.5,-0.08374384236453203,BX0802,Kingsbridge-Marble Hill,Bronx,True,24004,9303,52294.0,False,0.6721,0.1208,0.1426,0.0369,Hispanic,True,1.0
urgent,QN0301,9210,5.833333333333333,0.01615614298839052,QN0301,Jackson Heights,Queens,True,93975,35581,79178.0,False,0.5275,0.0182,0.1661,0.2397,Hispanic,True,3.0
less,SI0305,11604,14.733333333333333,-0.3659694178175704,SI0305,Tottenville-Charleston,Staten Island,True,17425,6138,142015.0,False,0.1121,0.0006,0.8442,0.0254,White,True,5.0
urgent,BK1503,3807,6.133333333333334,0.07420494699646629,BK1503,Sheepshead Bay-Manhattan Beach-Gerritsen Beach,Brooklyn,True,64244,26383,72246.0,False,0.0958,0.0761,0.6017,0.1804,White,True,2.0
urgent,MN1202,6958,5.066666666666666,-0.13138686131386856,MN1202,Washington Heights (North),Manhattan,True,74030,29009,78109.0,False,0.5958,0.0405,0.297,0.0302,Hispanic,True,3.0
urgent,QN1402,4026,5.366666666666666,-0.059102104791759924,QN1402,Rockaway Beach-Arverne-Edgemere,Queens,True,42621,15989,53740.0,False,0.2407,0.4762,0.1753,0.0506,No majority,True,1.0
urgent,MN1001,8664,4.816666666666666,-0.15085158150851585,MN1001,Harlem (South),Manhattan,True,48446,21253,78967.0,False,0.1884,0.4241,0.266,0.0546,No majority,True,3.0
urgent,BX0102,8931,5.866666666666666,0.05579399141630903,BX0102,Melrose,Bronx,True,41043,15978,30409.0,False,0.7082,0.252,0.0146,0.0082,Hispanic,True,1.0
urgent,BX0901,8551,5.766666666666667,0.019464720194647178,BX0901,Soundview-Bruckner-Bronx River,Bronx,True,67869,24895,42042.0,False,0.6465,0.2516,0.0195,0.0452,Hispanic,True,1.0
urgent,QN0903,2471,6.616666666666666,0.1192214111922143,QN0903,South Richmond Hill,Queens,True,23493,6508,87782.0,False,0.2344,0.0817,0.0295,0.3882,No majority,True,4.0
urgent,BK0702,4591,4.266666666666667,-0.24429967426710086,BK0702,Sunset Park (West),Brooklyn,True,50926,16922,87519.0,False,0.5536,0.0466,0.2436,0.1203,Hispanic,True,4.0
urgent,QN1104,606,5.125,-0.07581174850362848,QN1104,Oakland Gardens-Hollis Hills,Queens,True,24840,9834,99302.0,False,0.1338,0.0273,0.3543,0.4501,No majority,True,4.0
urgent,BK1703,3408,6.066666666666666,0.09839403172072103,BK1703,East Flatbush-Rugby,Brooklyn,True,36352,14124,68212.0,False,0.0635,0.7806,0.0452,0.0209,Black,True,2.0
urgent,BX0301,6222,6.616666666666666,0.18257214526225396,BX0301,Morrisania,Bronx,True,37248,14072,31693.0,False,0.5712,0.3644,0.0199,0.0103,Hispanic,True,1.0
urgent,QN1202,4176,6.1,0.08207914279147555,QN1202,South Jamaica,Queens,True,42675,12660,75432.0,False,0.1611,0.4959,0.0086,0.2168,No majority,True,3.0
urgent,BK1402,3117,5.383333333333334,-0.08515815085158152,BK1402,Flatbush (West)-Ditmas Park-Parkville,Brooklyn,True,39803,15820,88632.0,False,0.1757,0.1708,0.357,0.219,No majority,True,4.0
urgent,BK1001,5052,4.416666666666667,-0.2532051282051282,BK1001,Bay Ridge,Brooklyn,True,84838,35515,94458.0,False,0.2187,0.026,0.5753,0.1343,White,True,4.0
urgent,BK0204,1266,4.866666666666666,-0.11244812509263391,BK0204,Clinton Hill,Brooklyn,True,29205,13664,122882.0,False,0.1333,0.2324,0.4683,0.0795,No majority,True,5.0
urgent,BK0104,5518,4.416666666666667,-0.19461424136732464,BK0104,East Williamsburg,Brooklyn,True,50775,23726,83019.0,False,0.3326,0.1342,0.385,0.1036,No majority,True,3.0
urgent,MN1201,6683,4.066666666666666,-0.2660098522167488,MN1201,Washington Heights (South),Manhattan,True,76079,27997,57273.0,False,0.6747,0.0936,0.1475,0.0485,Hispanic,True,2.0
urgent,MN0101,7303,6.916666666666667,0.10344827586206895,MN0101,Financial District-Battery Park City,Manhattan,True,48198,23144,199722.0,False,0.0687,0.0502,0.6067,0.2142,White,True,5.0
urgent,QN1003,1814,7.2,0.23275862068965525,QN1003,Howard Beach-Lindenwood,Queens,True,31308,11346,95573.0,False,0.2539,0.0472,0.6051,0.045,White,True,4.0
urgent,BK1101,4061,4.916666666666667,-0.1413612565445025,BK1101,Bensonhurst,Brooklyn,True,94498,33338,67891.0,False,0.1909,0.0116,0.3643,0.4018,No majority,True,2.0
urgent,BX1101,2894,6.074999999999999,0.09771986970684043,BX1101,Pelham Parkway-Van Nest,Bronx,True,28955,10894,66835.0,False,0.5412,0.1859,0.1725,0.0704,Hispanic,True,2.0
urgent,BK1501,2860,5.583333333333333,-0.024330900243308973,BK1501,Gravesend (East)-Homecrest,Brooklyn,True,50032,17602,70966.0,False,0.1173,0.024,0.6465,0.1424,White,True,2.0
urgent,QN0804,1531,6.35,0.12350597609561742,QN0804,Jamaica Estates-Holliswood,Queens,True,23270,8841,86675.0,False,0.1697,0.2325,0.2212,0.2828,No majority,True,4.0
urgent,MN0603,4802,5.55,-0.06690997566909962,MN0603,Murray Hill-Kips Bay,Manhattan,True,53742,30641,129329.0,False,0.107,0.0567,0.5617,0.2066,White,True,5.0
urgent,BK0501,4487,7.416666666666667,0.3784860557768923,BK0501,Cypress Hills,Brooklyn,True,42117,13775,66736.0,False,0.7234,0.1498,0.0424,0.0341,Hispanic,True,2.0
urgent,QN0805,2016,6.158333333333333,0.11170144172491159,QN0805,Jamaica Hills-Briarwood,Queens,True,37121,14186,90747.0,False,0.2047,0.1515,0.1791,0.3737,No majority,True,4.0
urgent,QN0703,478,8.608333333333334,0.4693353872514292,QN0703,Bay Terrace-Clearview,Queens,True,23195,10403,101219.0,False,0.1286,0.0123,0.5002,0.2817,White,True,4.0
urgent,SI0201,2101,6.65,0.14039408866995085,SI0201,Grasmere-Arrochar-South Beach-Dongan Hills,Staten Island,True,35372,13038,83916.0,False,0.1382,0.0353,0.5834,0.2102,White,True,3.0
urgent,BK1303,1877,4.933333333333334,-0.11576354679802958,BK1303,Brighton Beach,Brooklyn,True,28327,13743,45004.0,False,0.1164,0.0162,0.6662,0.1156,White,True,1.0
urgent,QN0706,901,7.55,0.3355048859934855,QN0706,Queensboro Hill,Queens,True,20405,6216,75731.0,False,0.1761,0.011,0.1481,0.6286,Asian,True,3.0
urgent,BK0701,707,6.15,0.09446254071661242,BK0701,Windsor Terrace-South Slope,Brooklyn,True,25036,10712,148531.0,False,0.1438,0.022,0.6948,0.076,White,True,5.0
urgent,SI0301,705,6.183333333333334,0.08333333333333348,SI0301,Oakwood-Richmondtown,Staten Island,True,21154,7934,104079.0,False,0.1271,0.009,0.7213,0.0975,White,True,4.0
less,BK1401,61339,29.75,0.2411296162201304,BK1401,Flatbush,Brooklyn,True,65759,25275,82675.0,False,0.1822,0.5377,0.1615,0.0526,Black,True,3.0
less,MN0102,46212,18.0,-0.09554426445581687,MN0102,Tribeca-Civic Center,Manhattan,True,22563,9638,200000.0,True,0.0845,0.0418,0.604,0.1799,White,True,5.0
less,BK0401,67719,19.15,-0.15061963775023834,BK0401,Bushwick (West),Brooklyn,True,52698,22293,93202.0,False,0.4684,0.0838,0.3321,0.0755,No majority,True,4.0
less,QN0401,74387,37.96666666666667,0.41488302638128416,QN0401,Elmhurst,Queens,True,100015,33039,71314.0,False,0.432,0.016,0.0497,0.4782,No majority,True,2.0
less,QN0707,67881,34.266666666666666,0.2857142857142858,QN0707,Flushing-Willets Point,Queens,True,61079,26505,55243.0,False,0.1374,0.0311,0.0672,0.7463,Asian,True,1.0
less,QN0702,16499,44.21666666666667,0.5467196819085489,QN0702,Whitestone-Beechhurst,Queens,True,29547,11007,98069.0,False,0.1657,0.0021,0.5503,0.2453,White,True,4.0
urgent,MN1002,10651,5.5,-0.02931596091205202,MN1002,Harlem (North),Manhattan,True,86565,37462,48078.0,False,0.2799,0.5314,0.0974,0.0332,Black,True,1.0
less,QN0502,44046,26.15,0.041978952305766315,QN0502,Ridgewood,Queens,True,66747,25112,86941.0,False,0.4662,0.0326,0.3773,0.0803,No majority,True,4.0
less,MN1102,98852,17.316666666666666,-0.18870523415977958,MN1102,East Harlem (North),Manhattan,True,63246,28197,43964.0,False,0.4196,0.3681,0.1123,0.0597,No majority,True,1.0
urgent,BX1004,2102,7.883333333333334,0.328939458995277,BX1004,Co-op City,Bronx,True,36000,16716,61714.0,False,0.2772,0.643,0.0426,0.014,Black,True,2.0
less,BK0101,30027,15.666666666666666,-0.3242937853107345,BK0101,Greenpoint,Brooklyn,True,39784,19771,127599.0,False,0.1467,0.0402,0.6763,0.0545,White,True,5.0
less,BK1202,32517,30.333333333333332,0.13807106598984764,BK1202,Borough Park,Brooklyn,True,89673,20890,56211.0,False,0.0863,0.0085,0.7847,0.0668,White,True,2.0
less,QN0103,34315,28.533333333333335,0.1446280991735538,QN0103,Astoria (Central),Queens,True,48044,24001,102016.0,False,0.2472,0.0265,0.4964,0.1572,No majority,True,4.0
less,BX1001,17116,40.641666666666666,0.5928598638626781,BX1001,Westchester Square,Bronx,True,14680,5148,54174.0,False,0.5966,0.0809,0.0552,0.2219,Hispanic,True,1.0
less,QN0902,36218,32.85,0.2810810810810811,QN0902,Richmond Hill,Queens,True,32785,10389,88634.0,False,0.4142,0.0736,0.142,0.2551,No majority,True,4.0
less,BK0301,90125,15.616666666666667,-0.25977995110024443,BK0301,Bedford-Stuyvesant (West),Brooklyn,True,90068,34580,89052.0,False,0.1879,0.2836,0.4014,0.0534,No majority,True,4.0
less,BX1201,59961,50.95,0.9964000000000002,BX1201,Williamsbridge-Olinville,Bronx,True,57663,21433,54119.0,False,0.3399,0.5555,0.0275,0.0231,Black,True,1.0
less,BX0303,36132,44.016666666666666,0.8263269334024117,BX0303,Crotona Park East,Bronx,True,29480,11668,39543.0,False,0.6034,0.3479,0.0153,0.0044,Hispanic,True,1.0
urgent,BX0702,5511,4.983333333333333,-0.09732360097323589,BX0702,Bedford Park,Bronx,True,49148,20487,43944.0,False,0.6935,0.1712,0.0712,0.0381,Hispanic,True,1.0
less,BK0502,49709,31.85,0.4285714285714286,BK0502,East New York (North),Brooklyn,True,41335,14522,61496.0,False,0.3327,0.4981,0.0189,0.0537,No majority,True,2.0
less,BK1102,18106,22.383333333333333,-0.15157891419047398,BK1102,Bath Beach,Brooklyn,True,30170,10780,69294.0,False,0.1569,0.0226,0.4375,0.3318,No majority,True,2.0
less,QN1206,17870,29.45,0.18180313064419007,QN1206,Hollis,Queens,True,22264,6848,84679.0,False,0.1261,0.4546,0.0279,0.2922,No majority,True,3.0
less,MN0703,39675,12.166666666666666,-0.4616634178037686,MN0703,Upper West Side-Manhattan Valley,Manhattan,True,50132,22777,99482.0,False,0.2564,0.1319,0.4721,0.095,No majority,True,4.0
less,QN0202,47165,33.71666666666667,0.26182618261826174,QN0202,Sunnyside,Queens,True,46879,21055,78200.0,False,0.3714,0.0249,0.3114,0.2605,No majority,True,3.0
urgent,BK0102,5378,4.65,-0.17341040462427748,BK0102,Williamsburg,Brooklyn,True,66612,30352,148884.0,False,0.2646,0.0292,0.5499,0.0872,White,True,5.0
less,SI0202,18712,15.8,-0.28364936039118627,SI0202,New Dorp-Midland Beach,Staten Island,True,29103,9591,93732.0,False,0.1609,0.0253,0.5473,0.2359,White,True,4.0
less,SI0103,17327,20.366666666666667,-0.15649717514124295,SI0103,Rosebank-Shore Acres-Park Hill,Staten Island,True,23027,8820,71746.0,False,0.2338,0.2047,0.2709,0.2511,No majority,True,2.0
urgent,QN1401,5554,5.666666666666667,-0.015242565702937583,QN1401,Far Rockaway-Bayswater,Queens,True,62827,20742,58061.0,False,0.2676,0.3614,0.2646,0.0406,No majority,True,2.0
urgent,QN1204,2146,5.3916666666666675,-0.04555025266704105,QN1204,Springfield Gardens (North)-Rochdale Village,Queens,True,33511,12948,71801.0,False,0.0912,0.8176,0.0121,0.0143,Black,True,2.0
less,BK1301,19552,25.283333333333335,-0.03196038374491783,BK1301,Gravesend (South),Brooklyn,True,28604,10783,55669.0,False,0.1356,0.1123,0.4935,0.233,No majority,True,2.0
less,SI0204,27259,21.983333333333334,-0.0864864864864866,SI0204,New Springville-Willowbrook-Bulls Head-Travis,Staten Island,True,42601,14974,95673.0,False,0.1511,0.0321,0.579,0.2082,White,True,4.0
urgent,BX0202,6293,4.5,-0.19915254237288138,BX0202,Longwood,Bronx,True,40143,14677,38372.0,False,0.7128,0.2441,0.0144,0.0061,Hispanic,True,1.0
urgent,BK1702,2677,6.233333333333333,0.09605911330049266,BK1702,East Flatbush-Farragut,Brooklyn,True,34025,12398,84202.0,False,0.0849,0.7508,0.0271,0.0201,Black,True,3.0
urgent,BK0503,7480,7.8,0.38034432184456923,BK0503,East New York-New Lots,Brooklyn,True,51641,19652,53237.0,False,0.2283,0.6725,0.0123,0.0143,Black,True,1.0
urgent,BK0504,2395,10.716666666666667,0.7458333333333333,BK0504,Spring Creek-Starrett City,Brooklyn,True,16410,8244,37583.0,False,0.1996,0.5718,0.1486,0.0222,Black,True,1.0
urgent,BX0903,3314,6.466666666666667,0.16256157635467972,BX0903,Castle Hill-Unionport,Bronx,True,35838,12870,51158.0,False,0.5403,0.2164,0.0323,0.1446,Hispanic,True,1.0
urgent,BX0602,6179,6.0,0.08653846153846168,BX0602,Tremont,Bronx,True,32428,12135,37332.0,False,0.6331,0.3212,0.0146,0.0016,Hispanic,True,1.0
urgent,QN0602,5505,5.15,-0.15328467153284675,QN0602,Forest Hills,Queens,True,93621,40992,105204.0,False,0.1855,0.0411,0.4301,0.2797,No majority,True,4.0
urgent,QN0901,1181,6.633333333333334,0.16938110749185675,QN0901,Kew Gardens,Queens,True,24548,10568,91113.0,False,0.2647,0.0536,0.4194,0.1909,No majority,True,4.0
urgent,QN0501,2067,6.133333333333334,0.06358381502890187,QN0501,Maspeth,Queens,True,40680,14746,87281.0,False,0.3229,0.0072,0.4787,0.1615,No majority,True,4.0
urgent,MN0903,4927,3.6666666666666665,-0.3497536945812807,MN0903,Hamilton Heights-Sugar Hill,Manhattan,True,53598,20276,66613.0,False,0.4738,0.2505,0.1708,0.0442,No majority,True,2.0
urgent,MN0901,2518,4.733333333333333,-0.20193477447127073,MN0901,Morningside Heights,Manhattan,True,37716,12431,75195.0,False,0.1863,0.1317,0.4068,0.2252,No majority,True,3.0
urgent,BX1002,2692,6.291666666666666,0.09641665342443995,BX1002,Throgs Neck-Schuylerville,Bronx,True,47903,17284,81774.0,False,0.5072,0.0939,0.2955,0.0742,Hispanic,True,3.0
urgent,QN0504,1240,6.275,0.06382385730211837,QN0504,Middle Village,Queens,True,34057,12976,96187.0,False,0.2317,0.0134,0.5904,0.1235,White,True,4.0
urgent,QN0102,1819,6.35,0.0858369098712446,QN0102,Old Astoria-Hallets Point,Queens,True,13998,6641,84444.0,False,0.344,0.1152,0.3446,0.1505,No majority,True,3.0
urgent,QN1102,1043,4.183333333333334,-0.23728813559322026,QN1102,Bayside,Queens,True,35395,12688,108826.0,False,0.1493,0.0216,0.3261,0.4665,No majority,True,5.0
less,MN0302,64603,13.433333333333334,-0.3641975308641975,MN0302,Lower East Side,Manhattan,True,47185,22062,60430.0,False,0.2829,0.1079,0.3411,0.2182,No majority,True,2.0
less,QN0105,56891,25.683333333333334,0.09325204378550644,QN0105,Queensbridge-Ravenswood-Dutch Kills,Queens,True,29051,13688,67508.0,False,0.2893,0.1548,0.2323,0.2532,No majority,True,2.0
less,BX0502,51424,50.80833333333334,1.1037456079539734,BX0502,Mount Hope,Bronx,True,47120,17264,40253.0,False,0.6229,0.3216,0.02,0.0051,Hispanic,True,1.0
urgent,QN1305,1503,5.866666666666666,0.061576354679802936,QN1305,Laurelton,Queens,True,27708,8789,116714.0,False,0.0733,0.8556,0.0109,0.0121,Black,True,5.0
less,QN0302,29838,30.05,0.03448184261022824,QN0302,East Elmhurst,Queens,True,29093,8647,81978.0,False,0.6017,0.2061,0.0446,0.1244,Hispanic,True,3.0
less,MN0202,42813,13.3,-0.3715017376989208,MN0202,Greenwich Village,Manhattan,True,31628,15537,174685.0,False,0.08,0.0411,0.6797,0.1593,White,True,5.0
less,MN0801,41688,25.741666666666667,0.026225293950298934,MN0801,Upper East Side-Lenox Hill-Roosevelt Island,Manhattan,True,77188,40586,135727.0,False,0.091,0.036,0.6966,0.1347,White,True,5.0
less,MN0502,134645,15.616666666666667,-0.19596864501679723,MN0502,Midtown-Times Square,Manhattan,True,23035,13384,154436.0,False,0.1096,0.1024,0.5118,0.2026,White,True,5.0
less,BX0703,42312,34.61666666666667,0.3238422260787801,BX0703,Norwood,Bronx,True,39556,15109,51472.0,False,0.6626,0.1366,0.0803,0.1013,Hispanic,True,1.0
less,QN1304,15176,23.4,-0.09342925659472423,QN1304,Cambria Heights,Queens,True,19981,6567,110708.0,False,0.0771,0.8291,0.0216,0.0289,Black,True,5.0
less,BK0505,41507,29.0,0.32683560753736196,BK0505,East New York-City Line,Brooklyn,True,47234,15755,53463.0,False,0.2407,0.4932,0.018,0.1886,No majority,True,1.0
less,BK1403,29508,39.725,0.4569627087134691,BK1403,Midwood,Brooklyn,True,49291,18462,73353.0,False,0.082,0.0847,0.6195,0.1418,White,True,2.0
less,QN1001,71134,33.8,0.24932082488904395,QN1001,South Ozone Park,Queens,True,80840,22848,99534.0,False,0.2271,0.1744,0.0477,0.2937,No majority,True,4.0
urgent,BK1704,4838,6.9,0.2141988182134167,BK1704,East Flatbush-Remsen Village,Brooklyn,True,38240,14510,56346.0,False,0.0706,0.7777,0.0307,0.0025,Black,True,2.0
less,BK1203,23036,28.8,0.1358147539777752,BK1203,Kensington,Brooklyn,True,38903,13951,88732.0,False,0.1694,0.0934,0.3963,0.2702,No majority,True,4.0
less,QN0905,25839,38.666666666666664,0.43826405867970664,QN0905,Woodhaven,Queens,True,39914,11883,91562.0,False,0.5658,0.0446,0.1328,0.2036,Hispanic,True,4.0
less,BK1701,47362,29.983333333333334,0.249160165558987,BK1701,East Flatbush-Erasmus,Brooklyn,True,42375,17556,72431.0,False,0.0874,0.7087,0.0859,0.0353,Black,True,2.0
less,MN0702,64983,12.266666666666667,-0.4471365638766519,MN0702,Upper West Side (Central),Manhattan,True,101153,48748,159834.0,False,0.1246,0.0431,0.7134,0.0616,White,True,5.0
less,QN1302,21552,21.8,-0.06165366072641776,QN1302,Bellerose,Queens,True,26891,8726,103362.0,False,0.1962,0.0914,0.1749,0.484,No majority,True,4.0
less,BK1802,30032,23.416666666666668,-0.10235980883103535,BK1802,Marine Park-Mill Basin-Bergen Beach,Brooklyn,True,42837,15127,109928.0,False,0.0885,0.1512,0.5872,0.1257,White,True,5.0
less,QN0601,23246,18.433333333333334,-0.2910119585251294,QN0601,Rego Park,Queens,True,29744,12637,84548.0,False,0.2046,0.0264,0.3502,0.3328,No majority,True,3.0
urgent,MN1203,3425,4.666666666666667,-0.14111922141119215,MN1203,Inwood,Manhattan,True,36850,15041,68177.0,False,0.6966,0.0617,0.1788,0.026,Hispanic,True,2.0
less,MN0802,54077,18.966666666666665,-0.13251267197682837,MN0802,Upper East Side-Carnegie Hill,Manhattan,True,56073,27366,200000.0,True,0.0792,0.0099,0.7909,0.0775,White,True,5.0
urgent,BK1801,4977,4.883333333333334,-0.16788321167883202,BK1801,Flatlands,Brooklyn,True,61589,21884,85718.0,False,0.0886,0.6156,0.1442,0.0603,Black,True,3.0
urgent,BK0202,7472,5.366666666666666,-0.08638743455497377,BK0202,Downtown Brooklyn-DUMBO-Boerum Hill,Brooklyn,True,39977,19883,166941.0,False,0.1519,0.1411,0.4782,0.167,No majority,True,5.0
less,BX0601,26577,41.03333333333333,0.6502509410288584,BX0601,West Farms,Bronx,True,18442,7156,31386.0,False,0.6859,0.2704,0.0172,0.0059,Hispanic,True,1.0
less,BX1102,18700,35.016666666666666,0.2577498096866382,BX1102,Morris Park,Bronx,True,23701,8815,77256.0,False,0.3699,0.0748,0.3696,0.1423,No majority,True,3.0
less,BK0103,18248,21.133333333333333,-0.20913443401407195,BK0103,South Williamsburg,Brooklyn,True,50948,11859,46632.0,False,0.0791,0.084,0.7993,0.0129,White,True,1.0
urgent,SI0101,3164,4.55,-0.207033933232587,SI0101,St. George-New Brighton,Staten Island,True,21009,7342,69207.0,False,0.3345,0.3384,0.2005,0.0764,No majority,True,2.0
less,BX0302,28863,32.6,0.43852779953014864,BX0302,Claremont Village-Claremont (East),Bronx,True,24213,8503,32408.0,False,0.459,0.466,0.0079,0.0,No majority,True,1.0
less,QN0203,38236,34.86666666666667,0.35223248192378387,QN0203,Woodside,Queens,True,46947,18812,75771.0,False,0.3639,0.0107,0.178,0.4239,No majority,True,3.0
less,SI0304,15725,15.583333333333334,-0.2981878088962109,SI0304,Annadale-Huguenot-Prince's Bay-Woodrow,Staten Island,True,42159,14447,112699.0,False,0.0801,0.0115,0.8277,0.0545,White,True,5.0
less,QN1002,19321,33.05,0.2618025751072961,QN1002,Ozone Park,Queens,True,23862,7518,85739.0,False,0.3861,0.0588,0.18,0.2704,No majority,True,3.0
urgent,BK0302,9595,4.883333333333334,-0.15384615384615385,BK0302,Bedford-Stuyvesant (East),Brooklyn,True,92769,37000,75024.0,False,0.1838,0.5465,0.174,0.0321,Black,True,3.0
urgent,BK0902,4807,5.783333333333333,0.019230769230769162,BK0902,Prospect Lefferts Gardens-Wingate,Brooklyn,True,44881,20116,75000.0,False,0.0924,0.5011,0.2885,0.0382,Black,True,3.0
urgent,QN0705,1011,6.466666666666667,0.15811965811965822,QN0705,East Flushing,Queens,True,30771,11132,60109.0,False,0.1886,0.0162,0.1175,0.6492,Asian,True,2.0
urgent,MN0902,2671,3.9,-0.3033175355450236,MN0902,Manhattanville-West Harlem,Manhattan,True,21638,8346,47741.0,False,0.4739,0.3194,0.1398,0.0439,No majority,True,1.0
urgent,BX1202,5414,7.366666666666666,0.322022098741777,BX1202,Eastchester-Edenwald-Baychester,Bronx,True,51213,17506,73168.0,False,0.265,0.6538,0.0204,0.0107,Black,True,2.0
urgent,MN0601,616,5.816666666666666,-0.019230100799443983,MN0601,Stuyvesant Town-Peter Cooper Village,Manhattan,True,22040,10527,159983.0,False,0.0685,0.0197,0.7408,0.1183,White,True,5.0
less,BK1201,21790,28.75,0.14113491638998488,BK1201,Sunset Park (East)-Borough Park (West),Brooklyn,True,30220,9014,64154.0,False,0.2545,0.027,0.197,0.4948,No majority,True,2.0
urgent,BK0901,3514,5.35,-0.05051020408163265,BK0901,Crown Heights (South),Brooklyn,True,53466,20383,79366.0,False,0.0933,0.5397,0.288,0.0173,Black,True,3.0
urgent,SI0106,2713,5.383333333333334,-0.0640394088669951,SI0106,Port Richmond,Staten Island,True,20577,6431,79605.0,False,0.4968,0.2176,0.1802,0.0735,No majority,True,3.0
urgent,QN1403,2239,5.766666666666667,-0.07329842931937158,QN1403,Breezy Point-Belle Harbor-Rockaway Park-Broad Channel,Queens,True,25783,9963,112790.0,False,0.1222,0.0264,0.8254,0.0133,White,True,5.0
urgent,QN0704,1806,6.133333333333334,0.08797524314765703,QN0704,Murray Hill-Broadway Flushing,Queens,True,53912,19740,71380.0,False,0.1599,0.0169,0.1967,0.5923,Asian,True,2.0
less,BX0801,27254,26.8,0.017410881029273018,BX0801,Kingsbridge Heights-Van Cortlandt Village,Bronx,True,33261,13295,58483.0,False,0.678,0.1692,0.114,0.0237,Hispanic,True,2.0
urgent,BX0201,3107,4.333333333333333,-0.19704433497536944,BX0201,Hunts Point,Bronx,True,14219,5245,40190.0,False,0.7413,0.2123,0.0111,0.0,Hispanic,True,1.0
urgent,QN0503,1671,5.583333333333333,-0.012820512820512775,QN0503,Glendale,Queens,True,35585,12880,93754.0,False,0.4398,0.0159,0.4841,0.0477,No majority,True,4.0
urgent,SI0102,2585,4.633333333333334,-0.17948717948717952,SI0102,Tompkinsville-Stapleton-Clifton-Fox Hills,Staten Island,True,18170,6083,54751.0,False,0.3418,0.329,0.215,0.0895,No majority,True,1.0
urgent,SI0203,1164,7.333333333333333,0.23689737432337132,SI0203,Todt Hill-Emerson Hill-Lighthouse Hill-Manor Heights,Staten Island,True,33910,10543,109958.0,False,0.0932,0.0317,0.6658,0.1636,White,True,5.0
urgent,BK1204,1524,6.266666666666667,0.08492435229875506,BK1204,Mapleton-Midwood (West),Brooklyn,True,37519,11256,72122.0,False,0.0974,0.0216,0.7012,0.133,White,True,2.0
urgent,QN1103,509,5.6,0.02473498233215543,QN1103,Douglaston-Little Neck,Queens,True,25623,10088,120545.0,False,0.1042,0.0318,0.4115,0.4192,No majority,True,5.0
less,BK1703,35885,32.35,0.33333333333333326,BK1703,East Flatbush-Rugby,Brooklyn,True,36352,14124,68212.0,False,0.0635,0.7806,0.0452,0.0209,Black,True,2.0
less,QN0804,23482,27.4,0.11318169057785799,QN0804,Jamaica Estates-Holliswood,Queens,True,23270,8841,86675.0,False,0.1697,0.2325,0.2212,0.2828,No majority,True,4.0
less,SI0201,26913,18.183333333333334,-0.1873517786561265,SI0201,Grasmere-Arrochar-South Beach-Dongan Hills,Staten Island,True,35372,13038,83916.0,False,0.1382,0.0353,0.5834,0.2102,White,True,3.0
less,QN1003,21425,37.43333333333333,0.3661349693251532,QN1003,Howard Beach-Lindenwood,Queens,True,31308,11346,95573.0,False,0.2539,0.0472,0.6051,0.045,White,True,4.0
less,BK1402,27605,30.816666666666666,0.2794542114930465,BK1402,Flatbush (West)-Ditmas Park-Parkville,Brooklyn,True,39803,15820,88632.0,False,0.1757,0.1708,0.357,0.219,No majority,True,4.0
less,QN0903,19160,40.55833333333334,0.3961510087464286,QN0903,South Richmond Hill,Queens,True,23493,6508,87782.0,False,0.2344,0.0817,0.0295,0.3882,No majority,True,4.0
less,BK1101,50589,23.633333333333333,-0.04604316546762588,BK1101,Bensonhurst,Brooklyn,True,94498,33338,67891.0,False,0.1909,0.0116,0.3643,0.4018,No majority,True,2.0
less,BK1001,65001,20.616666666666667,-0.1505724240915879,BK1001,Bay Ridge,Brooklyn,True,84838,35515,94458.0,False,0.2187,0.026,0.5753,0.1343,White,True,4.0
less,BK0104,72213,15.8,-0.3144899285250162,BK0104,East Williamsburg,Brooklyn,True,50775,23726,83019.0,False,0.3326,0.1342,0.385,0.1036,No majority,True,3.0
less,QN1104,12433,18.166666666666668,-0.2906474820143885,QN1104,Oakland Gardens-Hollis Hills,Queens,True,24840,9834,99302.0,False,0.1338,0.0273,0.3543,0.4501,No majority,True,4.0
less,BX0101,78990,33.35,0.4211786197990488,BX0101,Mott Haven-Port Morris,Bronx,True,56600,22081,28470.0,False,0.6881,0.2414,0.0204,0.0096,Hispanic,True,1.0
less,BK0702,58019,19.566666666666666,-0.1335160532498043,BK0702,Sunset Park (West),Brooklyn,True,50926,16922,87519.0,False,0.5536,0.0466,0.2436,0.1203,Hispanic,True,4.0
less,BK1803,74300,20.541666666666668,-0.14923857868020307,BK1803,Canarsie,Brooklyn,True,76746,26760,80487.0,False,0.0848,0.7734,0.0391,0.0218,Black,True,3.0
less,MN1201,72318,17.333333333333332,-0.21654918620858088,MN1201,Washington Heights (South),Manhattan,True,76079,27997,57273.0,False,0.6747,0.0936,0.1475,0.0485,Hispanic,True,2.0
less,BX0901,66249,40.2,0.5279279279279279,BX0901,Soundview-Bruckner-Bronx River,Bronx,True,67869,24895,42042.0,False,0.6465,0.2516,0.0195,0.0452,Hispanic,True,1.0
less,MN1202,60386,25.933333333333334,0.10560945219360107,MN1202,Washington Heights (North),Manhattan,True,74030,29009,78109.0,False,0.5958,0.0405,0.297,0.0302,Hispanic,True,3.0
less,QN0805,31848,29.05,0.16148014944487765,QN0805,Jamaica Hills-Briarwood,Queens,True,37121,14186,90747.0,False,0.2047,0.1515,0.1791,0.3737,No majority,True,4.0
less,BK1503,48645,29.133333333333333,0.11513396089790007,BK1503,Sheepshead Bay-Manhattan Beach-Gerritsen Beach,Brooklyn,True,64244,26383,72246.0,False,0.0958,0.0761,0.6017,0.1804,White,True,2.0
less,BK1303,24372,18.533333333333335,-0.15543071161048694,BK1303,Brighton Beach,Brooklyn,True,28327,13743,45004.0,False,0.1164,0.0162,0.6662,0.1156,White,True,1.0
less,BK1501,33740,28.016666666666666,0.09799691615801454,BK1501,Gravesend (East)-Homecrest,Brooklyn,True,50032,17602,70966.0,False,0.1173,0.024,0.6465,0.1424,White,True,2.0
less,BX0102,71868,31.933333333333334,0.37971590745382766,BX0102,Melrose,Bronx,True,41043,15978,30409.0,False,0.7082,0.252,0.0146,0.0082,Hispanic,True,1.0
urgent,BK0203,4576,5.066666666666666,-0.13054187192118216,BK0203,Fort Greene,Brooklyn,True,33180,15102,115468.0,False,0.1703,0.2899,0.3328,0.0994,No majority,True,5.0
urgent,MN0701,4998,4.85,-0.2101142005259975,MN0701,Upper West Side-Lincoln Square,Manhattan,True,69909,37142,161733.0,False,0.1045,0.0466,0.6008,0.1873,White,True,5.0
less,MN1001,70489,14.383333333333333,-0.28798683488754795,MN1001,Harlem (South),Manhattan,True,48446,21253,78967.0,False,0.1884,0.4241,0.266,0.0546,No majority,True,3.0
less,QN0301,78551,24.35,-0.04761904761904756,QN0301,Jackson Heights,Queens,True,93975,35581,79178.0,False,0.5275,0.0182,0.1661,0.2397,Hispanic,True,3.0
less,MN0101,59113,20.2,-0.0579458709229701,MN0101,Financial District-Battery Park City,Manhattan,True,48198,23144,199722.0,False,0.0687,0.0502,0.6067,0.2142,White,True,5.0
urgent,BX0501,7570,8.883333333333333,0.6154957759004,BX0501,University Heights (South)-Morris Heights,Bronx,True,53624,19333,33353.0,False,0.6574,0.2882,0.0166,0.009,Hispanic,True,1.0
less,BX1104,30854,35.3,0.35432355791279413,BX1104,Allerton,Bronx,True,33067,14011,43485.0,False,0.514,0.2614,0.1182,0.0582,Hispanic,True,1.0
less,QN0402,45715,38.05,0.37659380692167566,QN0402,Corona,Queens,True,67341,20432,67534.0,False,0.6595,0.1203,0.0573,0.1463,Hispanic,True,2.0
less,QN1402,48857,13.183333333333334,-0.4010152284263959,QN1402,Rockaway Beach-Arverne-Edgemere,Queens,True,42621,15989,53740.0,False,0.2407,0.4762,0.1753,0.0506,No majority,True,1.0
less,QN1202,42036,27.1,0.09725738863151356,QN1202,South Jamaica,Queens,True,42675,12660,75432.0,False,0.1611,0.4959,0.0086,0.2168,No majority,True,3.0
less,BK0701,10103,28.05,0.15465935787000773,BK0701,Windsor Terrace-South Slope,Brooklyn,True,25036,10712,148531.0,False,0.1438,0.022,0.6948,0.076,White,True,5.0
urgent,BX0902,3617,6.233333333333333,0.07725321888412018,BX0902,Soundview-Clason Point,Bronx,True,35612,13149,55341.0,False,0.6487,0.2934,0.0103,0.0268,Hispanic,True,1.0
less,QN0706,15086,52.275,0.6527222577048182,QN0706,Queensboro Hill,Queens,True,20405,6216,75731.0,False,0.1761,0.011,0.1481,0.6286,Asian,True,3.0
less,BK0501,31936,37.083333333333336,0.5689789192771302,BK0501,Cypress Hills,Brooklyn,True,42117,13775,66736.0,False,0.7234,0.1498,0.0424,0.0341,Hispanic,True,2.0
less,SI0301,9217,19.75,-0.16253443526170797,SI0301,Oakwood-Richmondtown,Staten Island,True,21154,7934,104079.0,False,0.1271,0.009,0.7213,0.0975,White,True,4.0
less,BX0802,23419,23.45,-0.03474706182933063,BX0802,Kingsbridge-Marble Hill,Bronx,True,24004,9303,52294.0,False,0.6721,0.1208,0.1426,0.0369,Hispanic,True,1.0
less,MN0603,47154,21.108333333333334,-0.10595515909048348,MN0603,Murray Hill-Kips Bay,Manhattan,True,53742,30641,129329.0,False,0.107,0.0567,0.5617,0.2066,White,True,5.0
less,BX0301,46823,37.18333333333333,0.6072072072072072,BX0301,Morrisania,Bronx,True,37248,14072,31693.0,False,0.5712,0.3644,0.0199,0.0103,Hispanic,True,1.0
urgent,MN0604,4840,5.6,-0.09247148502876101,MN0604,East Midtown-Turtle Bay,Manhattan,True,42046,23587,174434.0,False,0.0701,0.0185,0.7089,0.1449,White,True,5.0
less,QN0703,10731,46.166666666666664,0.5846970367094209,QN0703,Bay Terrace-Clearview,Queens,True,23195,10403,101219.0,False,0.1286,0.0123,0.5002,0.2817,White,True,4.0
urgent,BK1502,2507,5.85,-0.014778325123152691,BK1502,Madison,Brooklyn,True,38197,14724,73805.0,False,0.0706,0.0357,0.5943,0.2501,White,True,3.0
urgent,QN1201,11525,5.216666666666667,-0.09424083769633507,QN1201,Jamaica,Queens,True,56742,18224,61329.0,False,0.3409,0.1831,0.0451,0.3204,No majority,True,2.0
less,BK0204,20705,16.333333333333332,-0.3117066290550071,BK0204,Clinton Hill,Brooklyn,True,29205,13664,122882.0,False,0.1333,0.2324,0.4683,0.0795,No majority,True,5.0
urgent,QN0802,2454,5.75,-0.04176929392446638,QN0802,Pomonok-Electchester-Hillcrest,Queens,True,34432,12434,75054.0,False,0.2684,0.122,0.2637,0.293,No majority,True,3.0
urgent,BX0403,7393,6.45,0.18892508143322484,BX0403,Mount Eden-Claremont (West),Bronx,True,48394,17422,42514.0,False,0.6606,0.277,0.0158,0.0115,Hispanic,True,1.0
less,BX1101,23064,34.766666666666666,0.3641101789485499,BX1101,Pelham Parkway-Van Nest,Bronx,True,28955,10894,66835.0,False,0.5412,0.1859,0.1725,0.0704,Hispanic,True,2.0
urgent,QN0904,1885,6.75,0.1923076923076923,QN0904,Ozone Park (North),Queens,True,25562,7417,82282.0,False,0.4609,0.0393,0.1201,0.3098,No majority,True,3.0
urgent,MN0303,8427,5.116666666666666,-0.11435523114355228,MN0303,East Village,Manhattan,True,69437,33560,83759.0,False,0.2367,0.0839,0.4914,0.1413,No majority,True,3.0
urgent,MN1101,6339,5.366666666666666,-0.07514450867052025,MN1101,East Harlem (South),Manhattan,True,61875,26904,40655.0,False,0.4019,0.2384,0.1805,0.1262,No majority,True,1.0
urgent,BK0703,2676,4.6083333333333325,-0.1893788682581785,BK0703,Sunset Park (Central),Brooklyn,True,44499,13497,64894.0,False,0.4022,0.014,0.0997,0.4673,No majority,True,2.0
urgent,QN1307,1421,6.9,0.20833333333333326,QN1307,Rosedale,Queens,True,28309,8410,119940.0,False,0.0988,0.7756,0.0647,0.0129,Black,True,5.0
urgent,MN0201,6687,5.583333333333333,-0.0900243309002432,MN0201,SoHo-Little Italy-Hudson Square,Manhattan,True,21220,11840,140383.0,False,0.0841,0.0258,0.6252,0.2254,White,True,5.0
urgent,QN1205,3543,6.0,0.05769230769230771,QN1205,St. Albans,Queens,True,54727,16417,100501.0,False,0.091,0.7719,0.0123,0.0333,Black,True,4.0
urgent,SI0104,2204,5.216666666666667,-0.0678558005512403,SI0104,West New Brighton-Silver Lake-Grymes Hill,Staten Island,True,35957,12905,102755.0,False,0.2666,0.177,0.4603,0.0534,No majority,True,4.0
urgent,MN0602,3475,4.933333333333334,-0.16025641025641035,MN0602,Gramercy,Manhattan,True,25905,13459,153708.0,False,0.0801,0.058,0.6489,0.1498,White,True,5.0
urgent,QN0104,3629,5.916666666666667,0.031818181818181746,QN0104,Astoria (East)-Woodside (North),Queens,True,36805,16717,81448.0,False,0.2926,0.0519,0.4379,0.1597,No majority,True,3.0
urgent,SI0305,836,5.383333333333333,-0.08207914279147543,SI0305,Tottenville-Charleston,Staten Island,True,17425,6138,142015.0,False,0.1121,0.0006,0.8442,0.0254,White,True,5.0
urgent,QN0803,1261,6.683333333333334,0.10994764397905765,QN0803,Fresh Meadows-Utopia,Queens,True,20679,7952,95447.0,False,0.1469,0.0728,0.2581,0.5095,Asian,True,4.0
urgent,QN0303,4291,5.6,0.007299270072992803,QN0303,North Corona,Queens,True,38521,9738,78737.0,False,0.8439,0.0585,0.0179,0.0741,Hispanic,True,3.0
urgent,QN0101,2873,5.75,0.00738916256157629,QN0101,Astoria (North)-Ditmars-Steinway,Queens,True,48620,20521,102294.0,False,0.2191,0.0254,0.6276,0.0883,White,True,4.0
urgent,SI0303,476,6.241666666666667,0.06266352694924127,SI0303,Arden Heights-Rossville,Staten Island,True,31824,10776,110417.0,False,0.1463,0.0086,0.6897,0.1292,White,True,5.0
