id,name,area,residential,pop,households,median_income,income_capped,share_hispanic,share_black,share_white,share_asian,makeup,in_groups,income_quintile
BK0101,Greenpoint,Brooklyn,True,39784,19771,127599.0,False,0.1467,0.0402,0.6763,0.0545,White,True,5
BK0102,Williamsburg,Brooklyn,True,66612,30352,148884.0,False,0.2646,0.0292,0.5499,0.0872,White,True,5
BK0103,South Williamsburg,Brooklyn,True,50948,11859,46632.0,False,0.0791,0.084,0.7993,0.0129,White,True,1
BK0104,East Williamsburg,Brooklyn,True,50775,23726,83019.0,False,0.3326,0.1342,0.385,0.1036,No majority,True,3
BK0201,Brooklyn Heights,Brooklyn,True,26031,12601,184173.0,False,0.0831,0.0338,0.7152,0.1036,White,True,5
BK0202,Downtown Brooklyn-DUMBO-Boerum Hill,Brooklyn,True,39977,19883,166941.0,False,0.1519,0.1411,0.4782,0.167,No majority,True,5
BK0203,Fort Greene,Brooklyn,True,33180,15102,115468.0,False,0.1703,0.2899,0.3328,0.0994,No majority,True,5
BK0204,Clinton Hill,Brooklyn,True,29205,13664,122882.0,False,0.1333,0.2324,0.4683,0.0795,No majority,True,5
BK0261,Brooklyn Navy Yard,Brooklyn,False,0,0,,False,,,,,,False,
BK0301,Bedford-Stuyvesant (West),Brooklyn,True,90068,34580,89052.0,False,0.1879,0.2836,0.4014,0.0534,No majority,True,4
BK0302,Bedford-Stuyvesant (East),Brooklyn,True,92769,37000,75024.0,False,0.1838,0.5465,0.174,0.0321,Black,True,3
BK0401,Bushwick (West),Brooklyn,True,52698,22293,93202.0,False,0.4684,0.0838,0.3321,0.0755,No majority,True,4
BK0402,Bushwick (East),Brooklyn,True,59859,23198,77143.0,False,0.4578,0.2457,0.1899,0.046,No majority,True,3
BK0471,The Evergreens Cemetery,Brooklyn,False,0,0,,False,,,,,,False,
BK0501,Cypress Hills,Brooklyn,True,42117,13775,66736.0,False,0.7234,0.1498,0.0424,0.0341,Hispanic,True,2
BK0502,East New York (North),Brooklyn,True,41335,14522,61496.0,False,0.3327,0.4981,0.0189,0.0537,No majority,True,2
BK0503,East New York-New Lots,Brooklyn,True,51641,19652,53237.0,False,0.2283,0.6725,0.0123,0.0143,Black,True,1
BK0504,Spring Creek-Starrett City,Brooklyn,True,16410,8244,37583.0,False,0.1996,0.5718,0.1486,0.0222,Black,True,1
BK0505,East New York-City Line,Brooklyn,True,47234,15755,53463.0,False,0.2407,0.4932,0.018,0.1886,No majority,True,1
BK0571,Highland Park-Cypress Hills Cemeteries (South),Brooklyn,False,0,0,,False,,,,,,False,
BK0601,Carroll Gardens-Cobble Hill-Gowanus-Red Hook,Brooklyn,True,60738,26206,135228.0,False,0.1862,0.1193,0.5473,0.064,White,True,5
BK0602,Park Slope,Brooklyn,True,59281,25910,196735.0,False,0.117,0.0524,0.6763,0.0868,White,True,5
BK0701,Windsor Terrace-South Slope,Brooklyn,True,25036,10712,148531.0,False,0.1438,0.022,0.6948,0.076,White,True,5
BK0702,Sunset Park (West),Brooklyn,True,50926,16922,87519.0,False,0.5536,0.0466,0.2436,0.1203,Hispanic,True,4
BK0703,Sunset Park (Central),Brooklyn,True,44499,13497,64894.0,False,0.4022,0.014,0.0997,0.4673,No majority,True,2
BK0771,Green-Wood Cemetery,Brooklyn,False,0,0,,False,,,,,,False,
BK0801,Prospect Heights,Brooklyn,True,23969,11243,171205.0,False,0.1293,0.1249,0.5731,0.0869,White,True,5
BK0802,Crown Heights (North),Brooklyn,True,85819,37294,78999.0,False,0.1292,0.5345,0.2123,0.0391,Black,True,3
BK0891,Lincoln Terrace Park,Brooklyn,False,0,0,,False,,,,,,False,
BK0901,Crown Heights (South),Brooklyn,True,53466,20383,79366.0,False,0.0933,0.5397,0.288,0.0173,Black,True,3
BK0902,Prospect Lefferts Gardens-Wingate,Brooklyn,True,44881,20116,75000.0,False,0.0924,0.5011,0.2885,0.0382,Black,True,3
BK1001,Bay Ridge,Brooklyn,True,84838,35515,94458.0,False,0.2187,0.026,0.5753,0.1343,White,True,4
BK1002,Dyker Heights,Brooklyn,True,39148,13587,77998.0,False,0.1379,0.0138,0.3909,0.4365,No majority,True,3
BK1061,Fort Hamilton,Brooklyn,False,980,173,122159.0,False,0.1561,0.2133,0.4959,0.0918,,False,
BK1091,Dyker Beach Park,Brooklyn,False,0,0,,False,,,,,,False,
BK1101,Bensonhurst,Brooklyn,True,94498,33338,67891.0,False,0.1909,0.0116,0.3643,0.4018,No majority,True,2
BK1102,Bath Beach,Brooklyn,True,30170,10780,69294.0,False,0.1569,0.0226,0.4375,0.3318,No majority,True,2
BK1103,Gravesend (West),Brooklyn,True,56517,18221,73563.0,False,0.1752,0.0223,0.3371,0.4364,No majority,True,2
BK1201,Sunset Park (East)-Borough Park (West),Brooklyn,True,30220,9014,64154.0,False,0.2545,0.027,0.197,0.4948,No majority,True,2
BK1202,Borough Park,Brooklyn,True,89673,20890,56211.0,False,0.0863,0.0085,0.7847,0.0668,White,True,2
BK1203,Kensington,Brooklyn,True,38903,13951,88732.0,False,0.1694,0.0934,0.3963,0.2702,No majority,True,4
BK1204,Mapleton-Midwood (West),Brooklyn,True,37519,11256,72122.0,False,0.0974,0.0216,0.7012,0.133,White,True,2
BK1301,Gravesend (South),Brooklyn,True,28604,10783,55669.0,False,0.1356,0.1123,0.4935,0.233,No majority,True,2
BK1302,Coney Island-Sea Gate,Brooklyn,True,54465,22185,42649.0,False,0.196,0.2071,0.4801,0.074,No majority,True,1
BK1303,Brighton Beach,Brooklyn,True,28327,13743,45004.0,False,0.1164,0.0162,0.6662,0.1156,White,True,1
BK1391,Calvert Vaux Park,Brooklyn,False,0,0,,False,,,,,,False,
BK1401,Flatbush,Brooklyn,True,65759,25275,82675.0,False,0.1822,0.5377,0.1615,0.0526,Black,True,3
BK1402,Flatbush (West)-Ditmas Park-Parkville,Brooklyn,True,39803,15820,88632.0,False,0.1757,0.1708,0.357,0.219,No majority,True,4
BK1403,Midwood,Brooklyn,True,49291,18462,73353.0,False,0.082,0.0847,0.6195,0.1418,White,True,2
BK1501,Gravesend (East)-Homecrest,Brooklyn,True,50032,17602,70966.0,False,0.1173,0.024,0.6465,0.1424,White,True,2
BK1502,Madison,Brooklyn,True,38197,14724,73805.0,False,0.0706,0.0357,0.5943,0.2501,White,True,3
BK1503,Sheepshead Bay-Manhattan Beach-Gerritsen Beach,Brooklyn,True,64244,26383,72246.0,False,0.0958,0.0761,0.6017,0.1804,White,True,2
BK1601,Ocean Hill,Brooklyn,True,39942,15700,57858.0,False,0.2364,0.6087,0.0742,0.0191,Black,True,2
BK1602,Brownsville,Brooklyn,True,59014,21897,37833.0,False,0.233,0.6268,0.0427,0.0185,Black,True,1
BK1701,East Flatbush-Erasmus,Brooklyn,True,42375,17556,72431.0,False,0.0874,0.7087,0.0859,0.0353,Black,True,2
BK1702,East Flatbush-Farragut,Brooklyn,True,34025,12398,84202.0,False,0.0849,0.7508,0.0271,0.0201,Black,True,3
BK1703,East Flatbush-Rugby,Brooklyn,True,36352,14124,68212.0,False,0.0635,0.7806,0.0452,0.0209,Black,True,2
BK1704,East Flatbush-Remsen Village,Brooklyn,True,38240,14510,56346.0,False,0.0706,0.7777,0.0307,0.0025,Black,True,2
BK1771,Holy Cross Cemetery,Brooklyn,False,0,0,,False,,,,,,False,
BK1801,Flatlands,Brooklyn,True,61589,21884,85718.0,False,0.0886,0.6156,0.1442,0.0603,Black,True,3
BK1802,Marine Park-Mill Basin-Bergen Beach,Brooklyn,True,42837,15127,109928.0,False,0.0885,0.1512,0.5872,0.1257,White,True,5
BK1803,Canarsie,Brooklyn,True,76746,26760,80487.0,False,0.0848,0.7734,0.0391,0.0218,Black,True,3
BK1891,Marine Park-Plumb Island,Brooklyn,False,0,0,,False,,,,,,False,
BK1892,McGuire Fields,Brooklyn,False,0,0,,False,,,,,,False,
BK1893,Canarsie Park & Pier,Brooklyn,False,0,0,,False,,,,,,False,
BK5591,Prospect Park,Brooklyn,False,0,0,,False,,,,,,False,
BK5691,Barren Island-Floyd Bennett Field,Brooklyn,False,14,9,137500.0,False,0.3571,0.0,0.6429,0.0,,False,
BK5692,Jamaica Bay (West),Brooklyn,False,0,0,,False,,,,,,False,
BK5693,Shirley Chisholm State Park,Brooklyn,False,0,0,,False,,,,,,False,
BX0101,Mott Haven-Port Morris,Bronx,True,56600,22081,28470.0,False,0.6881,0.2414,0.0204,0.0096,Hispanic,True,1
BX0102,Melrose,Bronx,True,41043,15978,30409.0,False,0.7082,0.252,0.0146,0.0082,Hispanic,True,1
BX0201,Hunts Point,Bronx,True,14219,5245,40190.0,False,0.7413,0.2123,0.0111,0.0,Hispanic,True,1
BX0202,Longwood,Bronx,True,40143,14677,38372.0,False,0.7128,0.2441,0.0144,0.0061,Hispanic,True,1
BX0291,North & South Brother Islands,Bronx,False,0,0,,False,,,,,,False,
BX0301,Morrisania,Bronx,True,37248,14072,31693.0,False,0.5712,0.3644,0.0199,0.0103,Hispanic,True,1
BX0302,Claremont Village-Claremont (East),Bronx,True,24213,8503,32408.0,False,0.459,0.466,0.0079,0.0,No majority,True,1
BX0303,Crotona Park East,Bronx,True,29480,11668,39543.0,False,0.6034,0.3479,0.0153,0.0044,Hispanic,True,1
BX0391,Crotona Park,Bronx,False,0,0,,False,,,,,,False,
BX0401,Concourse-Concourse Village,Bronx,True,67780,27203,45014.0,False,0.5451,0.3669,0.0531,0.0147,Hispanic,True,1
BX0402,Highbridge,Bronx,True,30812,12162,48136.0,False,0.6153,0.3225,0.0397,0.0014,Hispanic,True,1
BX0403,Mount Eden-Claremont (West),Bronx,True,48394,17422,42514.0,False,0.6606,0.277,0.0158,0.0115,Hispanic,True,1
BX0491,Yankee Stadium-Macombs Dam Park,Bronx,False,0,0,,False,,,,,,False,
BX0492,Claremont Park,Bronx,False,0,0,,False,,,,,,False,
BX0501,University Heights (South)-Morris Heights,Bronx,True,53624,19333,33353.0,False,0.6574,0.2882,0.0166,0.009,Hispanic,True,1
BX0502,Mount Hope,Bronx,True,47120,17264,40253.0,False,0.6229,0.3216,0.02,0.0051,Hispanic,True,1
BX0503,Fordham Heights,Bronx,True,30863,10692,38556.0,False,0.7729,0.1864,0.0119,0.0064,Hispanic,True,1
BX0601,West Farms,Bronx,True,18442,7156,31386.0,False,0.6859,0.2704,0.0172,0.0059,Hispanic,True,1
BX0602,Tremont,Bronx,True,32428,12135,37332.0,False,0.6331,0.3212,0.0146,0.0016,Hispanic,True,1
BX0603,Belmont,Bronx,True,35608,12802,30259.0,False,0.6005,0.2087,0.1419,0.0202,Hispanic,True,1
BX0701,University Heights (North)-Fordham,Bronx,True,42305,16160,43074.0,False,0.7965,0.1431,0.0247,0.0222,Hispanic,True,1
BX0702,Bedford Park,Bronx,True,49148,20487,43944.0,False,0.6935,0.1712,0.0712,0.0381,Hispanic,True,1
BX0703,Norwood,Bronx,True,39556,15109,51472.0,False,0.6626,0.1366,0.0803,0.1013,Hispanic,True,1
BX0801,Kingsbridge Heights-Van Cortlandt Village,Bronx,True,33261,13295,58483.0,False,0.678,0.1692,0.114,0.0237,Hispanic,True,2
BX0802,Kingsbridge-Marble Hill,Bronx,True,24004,9303,52294.0,False,0.6721,0.1208,0.1426,0.0369,Hispanic,True,1
BX0803,Riverdale-Spuyten Duyvil,Bronx,True,47430,20096,107044.0,False,0.2579,0.0871,0.541,0.0493,White,True,4
BX0901,Soundview-Bruckner-Bronx River,Bronx,True,67869,24895,42042.0,False,0.6465,0.2516,0.0195,0.0452,Hispanic,True,1
BX0902,Soundview-Clason Point,Bronx,True,35612,13149,55341.0,False,0.6487,0.2934,0.0103,0.0268,Hispanic,True,1
BX0903,Castle Hill-Unionport,Bronx,True,35838,12870,51158.0,False,0.5403,0.2164,0.0323,0.1446,Hispanic,True,1
BX0904,Parkchester,Bronx,True,29460,12480,58091.0,False,0.3302,0.3197,0.0309,0.2729,No majority,True,2
BX0991,Soundview Park,Bronx,False,105,0,,False,0.1429,0.7524,0.0,0.0,,False,
BX1001,Westchester Square,Bronx,True,14680,5148,54174.0,False,0.5966,0.0809,0.0552,0.2219,Hispanic,True,1
BX1002,Throgs Neck-Schuylerville,Bronx,True,47903,17284,81774.0,False,0.5072,0.0939,0.2955,0.0742,Hispanic,True,3
BX1003,Pelham Bay-Country Club-City Island,Bronx,True,28351,11597,79064.0,False,0.4112,0.0613,0.3998,0.0881,No majority,True,3
BX1004,Co-op City,Bronx,True,36000,16716,61714.0,False,0.2772,0.643,0.0426,0.014,Black,True,2
BX1071,Hart Island,Bronx,False,0,0,,False,,,,,,False,
BX1091,Ferry Point Park-St. Raymond Cemetery,Bronx,False,0,0,,False,,,,,,False,
BX1101,Pelham Parkway-Van Nest,Bronx,True,28955,10894,66835.0,False,0.5412,0.1859,0.1725,0.0704,Hispanic,True,2
BX1102,Morris Park,Bronx,True,23701,8815,77256.0,False,0.3699,0.0748,0.3696,0.1423,No majority,True,3
BX1103,Pelham Gardens,Bronx,True,27832,9181,90296.0,False,0.3583,0.3228,0.1821,0.1117,No majority,True,4
BX1104,Allerton,Bronx,True,33067,14011,43485.0,False,0.514,0.2614,0.1182,0.0582,Hispanic,True,1
BX1161,Hutchinson Metro Center,Bronx,False,374,0,,False,0.1123,0.5535,0.2914,0.0428,,False,
BX1201,Williamsbridge-Olinville,Bronx,True,57663,21433,54119.0,False,0.3399,0.5555,0.0275,0.0231,Black,True,1
BX1202,Eastchester-Edenwald-Baychester,Bronx,True,51213,17506,73168.0,False,0.265,0.6538,0.0204,0.0107,Black,True,2
BX1203,Wakefield-Woodlawn,Bronx,True,49552,18594,81416.0,False,0.2489,0.515,0.1324,0.0297,Black,True,3
BX1271,Woodlawn Cemetery,Bronx,False,0,0,,False,,,,,,False,
BX2691,Van Cortlandt Park,Bronx,False,0,0,,False,,,,,,False,
BX2791,Bronx Park,Bronx,False,32,8,45000.0,False,0.125,0.7188,0.1562,0.0,,False,
BX2891,Pelham Bay Park,Bronx,False,154,31,161250.0,False,0.7403,0.026,0.2338,0.0,,False,
MN0101,Financial District-Battery Park City,Manhattan,True,48198,23144,199722.0,False,0.0687,0.0502,0.6067,0.2142,White,True,5
MN0102,Tribeca-Civic Center,Manhattan,True,22563,9638,200000.0,True,0.0845,0.0418,0.604,0.1799,White,True,5
MN0191,The Battery-Governors Island-Ellis Island-Liberty Island,Manhattan,False,0,0,,False,,,,,,False,
MN0201,SoHo-Little Italy-Hudson Square,Manhattan,True,21220,11840,140383.0,False,0.0841,0.0258,0.6252,0.2254,White,True,5
MN0202,Greenwich Village,Manhattan,True,31628,15537,174685.0,False,0.08,0.0411,0.6797,0.1593,White,True,5
MN0203,West Village,Manhattan,True,31913,18404,177519.0,False,0.1152,0.0243,0.7551,0.0651,White,True,5
MN0301,Chinatown-Two Bridges,Manhattan,True,38006,18246,33368.0,False,0.1606,0.0704,0.1395,0.5955,Asian,True,1
MN0302,Lower East Side,Manhattan,True,47185,22062,60430.0,False,0.2829,0.1079,0.3411,0.2182,No majority,True,2
MN0303,East Village,Manhattan,True,69437,33560,83759.0,False,0.2367,0.0839,0.4914,0.1413,No majority,True,3
MN0401,Chelsea-Hudson Yards,Manhattan,True,62960,35994,126660.0,False,0.1626,0.0745,0.5501,0.1474,White,True,5
MN0402,Hell's Kitchen,Manhattan,True,54743,32736,106980.0,False,0.1985,0.06,0.5205,0.1484,White,True,4
MN0501,Midtown South-Flatiron-Union Square,Manhattan,True,29148,15619,188656.0,False,0.1166,0.0643,0.586,0.1835,White,True,5
MN0502,Midtown-Times Square,Manhattan,True,23035,13384,154436.0,False,0.1096,0.1024,0.5118,0.2026,White,True,5
MN0601,Stuyvesant Town-Peter Cooper Village,Manhattan,True,22040,10527,159983.0,False,0.0685,0.0197,0.7408,0.1183,White,True,5
MN0602,Gramercy,Manhattan,True,25905,13459,153708.0,False,0.0801,0.058,0.6489,0.1498,White,True,5
MN0603,Murray Hill-Kips Bay,Manhattan,True,53742,30641,129329.0,False,0.107,0.0567,0.5617,0.2066,White,True,5
MN0604,East Midtown-Turtle Bay,Manhattan,True,42046,23587,174434.0,False,0.0701,0.0185,0.7089,0.1449,White,True,5
MN0661,United Nations,Manhattan,False,0,0,,False,,,,,,False,
MN0701,Upper West Side-Lincoln Square,Manhattan,True,69909,37142,161733.0,False,0.1045,0.0466,0.6008,0.1873,White,True,5
MN0702,Upper West Side (Central),Manhattan,True,101153,48748,159834.0,False,0.1246,0.0431,0.7134,0.0616,White,True,5
MN0703,Upper West Side-Manhattan Valley,Manhattan,True,50132,22777,99482.0,False,0.2564,0.1319,0.4721,0.095,No majority,True,4
MN0801,Upper East Side-Lenox Hill-Roosevelt Island,Manhattan,True,77188,40586,135727.0,False,0.091,0.036,0.6966,0.1347,White,True,5
MN0802,Upper East Side-Carnegie Hill,Manhattan,True,56073,27366,200000.0,True,0.0792,0.0099,0.7909,0.0775,White,True,5
MN0803,Upper East Side-Yorkville,Manhattan,True,78549,43013,145879.0,False,0.106,0.0433,0.7153,0.0865,White,True,5
MN0901,Morningside Heights,Manhattan,True,37716,12431,75195.0,False,0.1863,0.1317,0.4068,0.2252,No majority,True,3
MN0902,Manhattanville-West Harlem,Manhattan,True,21638,8346,47741.0,False,0.4739,0.3194,0.1398,0.0439,No majority,True,1
MN0903,Hamilton Heights-Sugar Hill,Manhattan,True,53598,20276,66613.0,False,0.4738,0.2505,0.1708,0.0442,No majority,True,2
MN1001,Harlem (South),Manhattan,True,48446,21253,78967.0,False,0.1884,0.4241,0.266,0.0546,No majority,True,3
MN1002,Harlem (North),Manhattan,True,86565,37462,48078.0,False,0.2799,0.5314,0.0974,0.0332,Black,True,1
MN1101,East Harlem (South),Manhattan,True,61875,26904,40655.0,False,0.4019,0.2384,0.1805,0.1262,No majority,True,1
MN1102,East Harlem (North),Manhattan,True,63246,28197,43964.0,False,0.4196,0.3681,0.1123,0.0597,No majority,True,1
MN1191,Randall's Island,Manhattan,False,2395,0,,False,0.3415,0.4518,0.1365,0.0221,,False,
MN1201,Washington Heights (South),Manhattan,True,76079,27997,57273.0,False,0.6747,0.0936,0.1475,0.0485,Hispanic,True,2
MN1202,Washington Heights (North),Manhattan,True,74030,29009,78109.0,False,0.5958,0.0405,0.297,0.0302,Hispanic,True,3
MN1203,Inwood,Manhattan,True,36850,15041,68177.0,False,0.6966,0.0617,0.1788,0.026,Hispanic,True,2
MN1291,Highbridge Park,Manhattan,False,0,0,,False,,,,,,False,
MN1292,Inwood Hill Park,Manhattan,False,13,0,,False,0.2308,0.3846,0.3846,0.0,,False,
MN6491,Central Park,Manhattan,False,0,0,,False,,,,,,False,
QN0101,Astoria (North)-Ditmars-Steinway,Queens,True,48620,20521,102294.0,False,0.2191,0.0254,0.6276,0.0883,White,True,4
QN0102,Old Astoria-Hallets Point,Queens,True,13998,6641,84444.0,False,0.344,0.1152,0.3446,0.1505,No majority,True,3
QN0103,Astoria (Central),Queens,True,48044,24001,102016.0,False,0.2472,0.0265,0.4964,0.1572,No majority,True,4
QN0104,Astoria (East)-Woodside (North),Queens,True,36805,16717,81448.0,False,0.2926,0.0519,0.4379,0.1597,No majority,True,3
QN0105,Queensbridge-Ravenswood-Dutch Kills,Queens,True,29051,13688,67508.0,False,0.2893,0.1548,0.2323,0.2532,No majority,True,2
QN0151,Rikers Island,Bronx,False,2950,0,,False,0.2136,0.4342,0.3132,0.0044,,False,
QN0161,Sunnyside Yards (North),Queens,False,344,175,182895.0,False,0.032,0.032,0.0,0.9331,,False,
QN0171,St. Michael's Cemetery,Queens,False,0,0,,False,,,,,,False,
QN0191,Astoria Park,Queens,False,0,0,,False,,,,,,False,
QN0201,Long Island City-Hunters Point,Queens,True,30464,15844,175958.0,False,0.0971,0.0314,0.4554,0.3368,No majority,True,5
QN0202,Sunnyside,Queens,True,46879,21055,78200.0,False,0.3714,0.0249,0.3114,0.2605,No majority,True,3
QN0203,Woodside,Queens,True,46947,18812,75771.0,False,0.3639,0.0107,0.178,0.4239,No majority,True,3
QN0261,Sunnyside Yards (South),Queens,False,0,0,,False,,,,,,False,
QN0271,Calvary & Mount Zion Cemeteries,Queens,False,0,0,,False,,,,,,False,
QN0301,Jackson Heights,Queens,True,93975,35581,79178.0,False,0.5275,0.0182,0.1661,0.2397,Hispanic,True,3
QN0302,East Elmhurst,Queens,True,29093,8647,81978.0,False,0.6017,0.2061,0.0446,0.1244,Hispanic,True,3
QN0303,North Corona,Queens,True,38521,9738,78737.0,False,0.8439,0.0585,0.0179,0.0741,Hispanic,True,3
QN0401,Elmhurst,Queens,True,100015,33039,71314.0,False,0.432,0.016,0.0497,0.4782,No majority,True,2
QN0402,Corona,Queens,True,67341,20432,67534.0,False,0.6595,0.1203,0.0573,0.1463,Hispanic,True,2
QN0501,Maspeth,Queens,True,40680,14746,87281.0,False,0.3229,0.0072,0.4787,0.1615,No majority,True,4
QN0502,Ridgewood,Queens,True,66747,25112,86941.0,False,0.4662,0.0326,0.3773,0.0803,No majority,True,4
QN0503,Glendale,Queens,True,35585,12880,93754.0,False,0.4398,0.0159,0.4841,0.0477,No majority,True,4
QN0504,Middle Village,Queens,True,34057,12976,96187.0,False,0.2317,0.0134,0.5904,0.1235,White,True,4
QN0571,Mount Olivet & All Faiths Cemeteries,Queens,False,0,0,,False,,,,,,False,
QN0572,Middle Village Cemetery,Queens,False,0,0,,False,,,,,,False,
QN0573,St. John Cemetery,Queens,False,0,0,,False,,,,,,False,
QN0574,Highland Park-Cypress Hills Cemeteries (North),Queens,False,12,4,175000.0,False,0.0,0.0,1.0,0.0,,False,
QN0601,Rego Park,Queens,True,29744,12637,84548.0,False,0.2046,0.0264,0.3502,0.3328,No majority,True,3
QN0602,Forest Hills,Queens,True,93621,40992,105204.0,False,0.1855,0.0411,0.4301,0.2797,No majority,True,4
QN0701,College Point,Queens,True,30120,9642,87874.0,False,0.3755,0.0177,0.2143,0.3819,No majority,True,4
QN0702,Whitestone-Beechhurst,Queens,True,29547,11007,98069.0,False,0.1657,0.0021,0.5503,0.2453,White,True,4
QN0703,Bay Terrace-Clearview,Queens,True,23195,10403,101219.0,False,0.1286,0.0123,0.5002,0.2817,White,True,4
QN0704,Murray Hill-Broadway Flushing,Queens,True,53912,19740,71380.0,False,0.1599,0.0169,0.1967,0.5923,Asian,True,2
QN0705,East Flushing,Queens,True,30771,11132,60109.0,False,0.1886,0.0162,0.1175,0.6492,Asian,True,2
QN0706,Queensboro Hill,Queens,True,20405,6216,75731.0,False,0.1761,0.011,0.1481,0.6286,Asian,True,3
QN0707,Flushing-Willets Point,Queens,True,61079,26505,55243.0,False,0.1374,0.0311,0.0672,0.7463,Asian,True,1
QN0761,Fort Totten,Queens,False,0,0,,False,,,,,,False,
QN0791,Kissena Park,Queens,False,0,0,,False,,,,,,False,
QN0801,Kew Gardens Hills,Queens,True,35598,12834,82199.0,False,0.1879,0.0554,0.4823,0.1986,No majority,True,3
QN0802,Pomonok-Electchester-Hillcrest,Queens,True,34432,12434,75054.0,False,0.2684,0.122,0.2637,0.293,No majority,True,3
QN0803,Fresh Meadows-Utopia,Queens,True,20679,7952,95447.0,False,0.1469,0.0728,0.2581,0.5095,Asian,True,4
QN0804,Jamaica Estates-Holliswood,Queens,True,23270,8841,86675.0,False,0.1697,0.2325,0.2212,0.2828,No majority,True,4
QN0805,Jamaica Hills-Briarwood,Queens,True,37121,14186,90747.0,False,0.2047,0.1515,0.1791,0.3737,No majority,True,4
QN0871,Mount Hebron & Cedar Grove Cemeteries,Queens,False,0,0,,False,,,,,,False,
QN0891,Cunningham Park,Queens,False,0,0,,False,,,,,,False,
QN0901,Kew Gardens,Queens,True,24548,10568,91113.0,False,0.2647,0.0536,0.4194,0.1909,No majority,True,4
QN0902,Richmond Hill,Queens,True,32785,10389,88634.0,False,0.4142,0.0736,0.142,0.2551,No majority,True,4
QN0903,South Richmond Hill,Queens,True,23493,6508,87782.0,False,0.2344,0.0817,0.0295,0.3882,No majority,True,4
QN0904,Ozone Park (North),Queens,True,25562,7417,82282.0,False,0.4609,0.0393,0.1201,0.3098,No majority,True,3
QN0905,Woodhaven,Queens,True,39914,11883,91562.0,False,0.5658,0.0446,0.1328,0.2036,Hispanic,True,4
QN1001,South Ozone Park,Queens,True,80840,22848,99534.0,False,0.2271,0.1744,0.0477,0.2937,No majority,True,4
QN1002,Ozone Park,Queens,True,23862,7518,85739.0,False,0.3861,0.0588,0.18,0.2704,No majority,True,3
QN1003,Howard Beach-Lindenwood,Queens,True,31308,11346,95573.0,False,0.2539,0.0472,0.6051,0.045,White,True,4
QN1091,Spring Creek Park,Queens,False,0,0,,False,,,,,,False,
QN1101,Auburndale,Queens,True,34216,12682,94958.0,False,0.1655,0.0127,0.3213,0.4596,No majority,True,4
QN1102,Bayside,Queens,True,35395,12688,108826.0,False,0.1493,0.0216,0.3261,0.4665,No majority,True,5
QN1103,Douglaston-Little Neck,Queens,True,25623,10088,120545.0,False,0.1042,0.0318,0.4115,0.4192,No majority,True,5
QN1104,Oakland Gardens-Hollis Hills,Queens,True,24840,9834,99302.0,False,0.1338,0.0273,0.3543,0.4501,No majority,True,4
QN1191,Alley Pond Park,Queens,False,92,0,,False,0.1196,0.0109,0.8152,0.0543,,False,
QN1201,Jamaica,Queens,True,56742,18224,61329.0,False,0.3409,0.1831,0.0451,0.3204,No majority,True,2
QN1202,South Jamaica,Queens,True,42675,12660,75432.0,False,0.1611,0.4959,0.0086,0.2168,No majority,True,3
QN1203,Baisley Park,Queens,True,43885,13205,85891.0,False,0.1465,0.614,0.0129,0.0739,Black,True,4
QN1204,Springfield Gardens (North)-Rochdale Village,Queens,True,33511,12948,71801.0,False,0.0912,0.8176,0.0121,0.0143,Black,True,2
QN1205,St. Albans,Queens,True,54727,16417,100501.0,False,0.091,0.7719,0.0123,0.0333,Black,True,4
QN1206,Hollis,Queens,True,22264,6848,84679.0,False,0.1261,0.4546,0.0279,0.2922,No majority,True,3
QN1301,Glen Oaks-Floral Park-New Hyde Park,Queens,True,22157,8972,110722.0,False,0.1095,0.0469,0.3209,0.4802,No majority,True,5
QN1302,Bellerose,Queens,True,26891,8726,103362.0,False,0.1962,0.0914,0.1749,0.484,No majority,True,4
QN1303,Queens Village,Queens,True,55339,16816,99729.0,False,0.1942,0.3873,0.0469,0.2321,No majority,True,4
QN1304,Cambria Heights,Queens,True,19981,6567,110708.0,False,0.0771,0.8291,0.0216,0.0289,Black,True,5
QN1305,Laurelton,Queens,True,27708,8789,116714.0,False,0.0733,0.8556,0.0109,0.0121,Black,True,5
QN1306,Springfield Gardens (South)-Brookville,Queens,True,24458,6819,115601.0,False,0.123,0.754,0.0339,0.0364,Black,True,5
QN1307,Rosedale,Queens,True,28309,8410,119940.0,False,0.0988,0.7756,0.0647,0.0129,Black,True,5
QN1371,Montefiore Cemetery,Queens,False,0,0,,False,,,,,,False,
QN1401,Far Rockaway-Bayswater,Queens,True,62827,20742,58061.0,False,0.2676,0.3614,0.2646,0.0406,No majority,True,2
QN1402,Rockaway Beach-Arverne-Edgemere,Queens,True,42621,15989,53740.0,False,0.2407,0.4762,0.1753,0.0506,No majority,True,1
QN1403,Breezy Point-Belle Harbor-Rockaway Park-Broad Channel,Queens,True,25783,9963,112790.0,False,0.1222,0.0264,0.8254,0.0133,White,True,5
QN1491,Rockaway Community Park,Queens,False,0,0,,False,,,,,,False,
QN8081,LaGuardia Airport,Queens,False,0,0,,False,,,,,,False,
QN8191,Flushing Meadows-Corona Park,Queens,False,0,0,,False,,,,,,False,
QN8291,Forest Park,Queens,False,0,0,,False,,,,,,False,
QN8381,John F. Kennedy International Airport,Queens,False,0,0,,False,,,,,,False,
QN8491,Jamaica Bay (East),Queens,False,0,0,,False,,,,,,False,
QN8492,Jacob Riis Park-Fort Tilden-Breezy Point Tip,Queens,False,24,9,200000.0,True,0.0,0.6667,0.3333,0.0,,False,
SI0101,St. George-New Brighton,Staten Island,True,21009,7342,69207.0,False,0.3345,0.3384,0.2005,0.0764,No majority,True,2
SI0102,Tompkinsville-Stapleton-Clifton-Fox Hills,Staten Island,True,18170,6083,54751.0,False,0.3418,0.329,0.215,0.0895,No majority,True,1
SI0103,Rosebank-Shore Acres-Park Hill,Staten Island,True,23027,8820,71746.0,False,0.2338,0.2047,0.2709,0.2511,No majority,True,2
SI0104,West New Brighton-Silver Lake-Grymes Hill,Staten Island,True,35957,12905,102755.0,False,0.2666,0.177,0.4603,0.0534,No majority,True,4
SI0105,Westerleigh-Castleton Corners,Staten Island,True,31542,10804,119614.0,False,0.2014,0.0176,0.635,0.1099,White,True,5
SI0106,Port Richmond,Staten Island,True,20577,6431,79605.0,False,0.4968,0.2176,0.1802,0.0735,No majority,True,3
SI0107,Mariner's Harbor-Arlington-Graniteville,Staten Island,True,32272,10865,90698.0,False,0.3662,0.2709,0.1948,0.1212,No majority,True,4
SI0191,Snug Harbor,Staten Island,False,40,21,109559.0,False,0.0,0.0,1.0,0.0,,False,
SI0201,Grasmere-Arrochar-South Beach-Dongan Hills,Staten Island,True,35372,13038,83916.0,False,0.1382,0.0353,0.5834,0.2102,White,True,3
SI0202,New Dorp-Midland Beach,Staten Island,True,29103,9591,93732.0,False,0.1609,0.0253,0.5473,0.2359,White,True,4
SI0203,Todt Hill-Emerson Hill-Lighthouse Hill-Manor Heights,Staten Island,True,33910,10543,109958.0,False,0.0932,0.0317,0.6658,0.1636,White,True,5
SI0204,New Springville-Willowbrook-Bulls Head-Travis,Staten Island,True,42601,14974,95673.0,False,0.1511,0.0321,0.579,0.2082,White,True,4
SI0291,Freshkills Park (North),Staten Island,False,0,0,,False,,,,,,False,
SI0301,Oakwood-Richmondtown,Staten Island,True,21154,7934,104079.0,False,0.1271,0.009,0.7213,0.0975,White,True,4
SI0302,Great Kills-Eltingville,Staten Island,True,58253,19882,122609.0,False,0.1432,0.0037,0.7399,0.0911,White,True,5
SI0303,Arden Heights-Rossville,Staten Island,True,31824,10776,110417.0,False,0.1463,0.0086,0.6897,0.1292,White,True,5
SI0304,Annadale-Huguenot-Prince's Bay-Woodrow,Staten Island,True,42159,14447,112699.0,False,0.0801,0.0115,0.8277,0.0545,White,True,5
SI0305,Tottenville-Charleston,Staten Island,True,17425,6138,142015.0,False,0.1121,0.0006,0.8442,0.0254,White,True,5
SI0391,Freshkills Park (South),Staten Island,False,37,10,158333.0,False,0.0,0.0,0.8378,0.0,,False,
SI9561,Fort Wadsworth,Staten Island,False,449,146,72941.0,False,0.196,0.2094,0.4699,0.0557,,False,
SI9591,Hoffman & Swinburne Islands,Staten Island,False,0,0,,False,,,,,,False,
SI9592,Miller Field,Staten Island,False,75,27,103906.0,False,0.8533,0.0,0.1467,0.0,,False,
SI9593,Great Kills Park,Staten Island,False,0,0,,False,,,,,,False,
