district,officers,precinct_command,commands
1,162,162,001 PRECINCT (162)
5,122,122,005 PRECINCT (122)
6,126,126,006 PRECINCT (126)
7,121,121,007 PRECINCT (121)
9,136,136,009 PRECINCT (136)
10,117,117,010 PRECINCT (117)
13,160,160,013 PRECINCT (160)
14,243,243,014 PCT-MIDTOWN SO. PCT (243)
17,113,113,017 PRECINCT (113)
18,221,221,018 PCT-MIDTOWN NO. PCT (221)
19,165,165,019 PRECINCT (165)
20,115,115,020 PRECINCT (115)
22,97,97,CENTRAL PARK PRECINCT (97)
23,204,187,023 PCT FIELD TRAINING UNIT (17); 023 PRECINCT (187)
24,121,121,024 PRECINCT (121)
25,177,160,025 PCT FIELD TRAINING UNIT (17); 025 PRECINCT (160)
26,108,108,026 PRECINCT (108)
28,163,151,028 PCT 125 ST BID (5); 028 PCT FIELD TRAINING UNIT (7); 028 PRECINCT (151)
30,139,139,030 PRECINCT (139)
32,220,189,032 PCT FIELD TRAINING UNIT (31); 032 PRECINCT (189)
33,140,132,033 PCT FIELD TRAINING UNIT (8); 033 PRECINCT (132)
34,200,172,034 PCT FIELD TRAINING UNIT (28); 034 PRECINCT (172)
40,324,262,040 PCT FIELD TRAINING UNIT (62); 040 PRECINCT (262)
41,173,149,041 PCT FIELD TRAINING UNIT (24); 041 PRECINCT (149)
42,244,190,042 PCT FIELD TRAINING UNIT (54); 042 PRECINCT (190)
43,283,227,043 PCT FIELD TRAINING UNIT (56); 043 PRECINCT (227)
44,311,267,044 PCT FIELD TRAINING UNIT (44); 044 PRECINCT (267)
45,174,174,045 PRECINCT (174)
46,279,221,046 PCT FIELD TRAINING UNIT (58); 046 PRECINCT (221)
47,290,242,047 PCT FIELD TRAINING UNIT (48); 047 PRECINCT (242)
48,255,213,048 PCT FIELD TRAINING UNIT (42); 048 PRECINCT (213)
49,187,172,049 PCT FIELD TRAINING UNIT (15); 049 PRECINCT (172)
50,159,159,050 PRECINCT (159)
52,247,224,052 PCT FIELD TRAINING UNIT (23); 052 PRECINCT (224)
60,207,201,060 PCT FIELD TRAINING UNIT (6); 060 PRECINCT (201)
61,137,137,061 PRECINCT (137)
62,146,146,062 PRECINCT (146)
63,126,126,063 PRECINCT (126)
66,122,122,066 PRECINCT (122)
67,265,225,067 PCT FIELD TRAINING UNIT (40); 067 PRECINCT (225)
68,149,149,068 PRECINCT (149)
69,162,151,069 PCT FIELD TRAINING UNIT (11); 069 PRECINCT (151)
70,191,176,070 PCT FIELD TRAINING UNIT (15); 070 PRECINCT (176)
71,143,142,071 PCT FIELD TRAINING UNIT (1); 071 PRECINCT (142)
72,154,154,072 PRECINCT (154)
73,289,222,073 PCT FIELD TRAINING UNIT (67); 073 PRECINCT (222)
75,353,291,075 PCT FIELD TRAINING UNIT (62); 075 PRECINCT (291)
76,133,133,076 PRECINCT (133)
77,186,159,077 PCT FIELD TRAINING UNIT (27); 077 PRECINCT (159)
78,151,130,078 PCT PROSPECT PARK DETAIL (21); 078 PRECINCT (130)
79,212,182,079 PCT FIELD TRAINING UNIT (30); 079 PRECINCT (182)
81,172,153,081 PCT FIELD TRAINING UNIT (19); 081 PRECINCT (153)
83,213,196,083 PCT FIELD TRAINING UNIT (17); 083 PRECINCT (196)
84,198,197,084 PCT FIELD TRAINING UNIT (1); 084 PRECINCT (197)
88,150,141,088 PCT FIELD TRAINING UNIT (9); 088 PRECINCT (141)
90,160,151,090 PCT FIELD TRAINING UNIT (9); 090 PRECINCT (151)
94,109,109,094 PRECINCT (109)
100,107,107,100 PRECINCT (107)
101,184,170,101 PCT FIELD TRAINING UNIT (14); 101 PRECINCT (170)
102,158,158,102 PRECINCT (158)
103,219,213,103 PCT FIELD TRAINING UNIT (6); 103 PRECINCT (213)
104,143,143,104 PRECINCT (143)
105,194,194,105 PRECINCT (194)
106,140,140,106 PRECINCT (140)
107,144,144,107 PRECINCT (144)
108,131,131,108 PRECINCT (131)
109,261,248,109 PCT FIELD TRAINING UNIT (13); 109 PRECINCT (248)
110,209,198,110 PCT FIELD TRAINING UNIT (11); 110 PRECINCT (198)
111,132,132,111 PRECINCT (132)
112,127,127,112 PRECINCT (127)
113,186,185,113 PCT FIELD TRAINING UNIT (1); 113 PRECINCT (185)
114,224,221,114 PCT FIELD TRAINING UNIT (3); 114 PRECINCT (221)
115,216,187,115 PCT FIELD TRAINING UNIT (10); 115 PCT ROOSEVELT AVE TF (19); 115 PRECINCT (187)
116,142,142,116 PRECINCT (142)
120,237,231,120 PCT FIELD TRAINING UNIT (6); 120 PRECINCT (231)
121,137,137,121 PRECINCT (137)
122,144,144,122 PRECINCT (144)
123,109,109,123 PRECINCT (109)
