district,name,borough,address,lat,lon,match
1,1st Precinct,Manhattan,16 Ericsson Place,40.720251,-74.007226,"16 ERICSSON PLACE, New York, NY, USA"
5,5th Precinct,Manhattan,19 Elizabeth Street,40.716195,-73.997491,"19 ELIZABETH STREET, New York, NY, USA"
6,6th Precinct,Manhattan,233 West 10 Street,40.734184,-74.005407,"233 WEST 10 STREET, New York, NY, USA"
7,7th Precinct,Manhattan,19 1/2 Pitt Street,40.716522,-73.983915,FacDB ji82-xba5: 19 1/2 Pitt Street
9,9th Precinct,Manhattan,321 East 5 Street,40.726544,-73.987833,"321 EAST 5 STREET, New York, NY, USA"
10,10th Precinct,Manhattan,230 West 20th Street,40.742709,-73.998646,"230 WEST 20 STREET, New York, NY, USA"
13,13th Precinct,Manhattan,230 East 21st Street,40.736768,-73.983473,"230 EAST 21 STREET, New York, NY, USA"
14,Midtown South Precinct,Manhattan,357 West 35th Street,40.753882,-73.994829,"357 WEST 35 STREET, New York, NY, USA"
17,17th Precinct,Manhattan,167 East 51st Street,40.756914,-73.970582,"167 EAST 51 STREET, New York, NY, USA"
18,Midtown North Precinct,Manhattan,306 West 54th Street,40.764968,-73.985088,"306 WEST 54 STREET, New York, NY, USA"
19,19th Precinct,Manhattan,153 East 67th Street,40.767145,-73.963813,"153 EAST 67 STREET, New York, NY, USA"
20,20th Precinct,Manhattan,120 West 82nd Street,40.784084,-73.975084,"120 WEST 82 STREET, New York, NY, USA"
22,Central Park Precinct,Manhattan,86th St & Transverse Road,40.782493,-73.965548,"FacDB ji82-xba5: Central Park Precinct, 86th Street transverse"
23,23rd Precinct,Manhattan,164 East 102nd Street,40.789047,-73.947147,"164 EAST 102 STREET, New York, NY, USA"
24,24th Precinct,Manhattan,151 West 100th Street,40.79651,-73.967341,"151 WEST 100 STREET, New York, NY, USA"
25,25th Precinct,Manhattan,120 East 119th Street,40.800697,-73.94112,"120 EAST 119 STREET, New York, NY, USA"
26,26th Precinct,Manhattan,520 West 126th Street,40.814692,-73.956532,"520 WEST 126 STREET, New York, NY, USA"
28,28th Precinct,Manhattan,2271-89 8th Avenue,40.80881,-73.952574,"2271 8 AVENUE, New York, NY, USA"
30,30th Precinct,Manhattan,451 West 151st Street,40.828843,-73.943746,"451 WEST 151 STREET, New York, NY, USA"
32,32nd Precinct,Manhattan,250 West 135th Street,40.815739,-73.945356,"250 WEST 135 STREET, New York, NY, USA"
33,33rd Precinct,Manhattan,2207 Amsterdam Avenue,40.840588,-73.935729,"2207 AMSTERDAM AVENUE, New York, NY, USA"
34,34th Precinct,Manhattan,4295 Broadway,40.851535,-73.935375,"4295 B'WAY, New York, NY, USA"
40,40th Precinct,Bronx,567 E 149th Street,40.81526,-73.9128,"567 EAST 149 STREET, Bronx, NY, USA"
41,41st Precinct,Bronx,1035 Longwood Avenue,40.816345,-73.895673,"1035 LONGWOOD AVENUE, Bronx, NY, USA"
42,42nd Precinct,Bronx,830 Washington Avenue,40.822481,-73.911252,"830 WASHINGTON AVENUE, Bronx, NY, USA"
43,43rd Precinct,Bronx,900 Fteley Avenue,40.823006,-73.869799,"900 FTELEY AVENUE, Bronx, NY, USA"
44,44th Precinct,Bronx,2 East 169th Street,40.837147,-73.919803,"2 EAST 169 STREET, Bronx, NY, USA"
45,45th Precinct,Bronx,2877 Barkley Avenue,40.830851,-73.827324,"2877 BARKLEY AVENUE, Bronx, NY, USA"
46,46th Precinct,Bronx,2120 Ryer Avenue,40.853969,-73.900136,"2120 RYER AVENUE, Bronx, NY, USA"
47,47th Precinct,Bronx,4111 Laconia Avenue,40.887516,-73.847549,"4111 LACONIA AVENUE, Bronx, NY, USA"
48,48th Precinct,Bronx,450 Cross Bronx Expressway,40.843895,-73.900355,"450 CROSS BRONX EXPRESSWAY, Bronx, NY, USA"
49,49th Precinct,Bronx,2121 Eastchester Road,40.856109,-73.844396,"2121 EASTCHESTER ROAD, Bronx, NY, USA"
50,50th Precinct,Bronx,3450 Kingsbridge Avenue,40.883511,-73.902442,"3450 KINGSBRIDGE AVENUE, Bronx, NY, USA"
52,52nd Precinct,Bronx,3016 Webster Avenue,40.869081,-73.879648,"3016 WEBSTER AVENUE, Bronx, NY, USA"
60,60th Precinct,Brooklyn,2951 West 8th Street,40.576624,-73.976102,"2951 WEST 8 STREET, Brooklyn, NY, USA"
61,61st Precinct,Brooklyn,2575 Coney Island Avenue,40.594117,-73.960488,"2575 CONEY ISLAND AVENUE, Brooklyn, NY, USA"
62,62nd Precinct,Brooklyn,1925 Bath Avenue,40.602519,-74.003085,"1925 BATH AVENUE, Brooklyn, NY, USA"
63,63rd Precinct,Brooklyn,1844 Brooklyn Avenue,40.627972,-73.941671,"1844 BROOKLYN AVENUE, Brooklyn, NY, USA"
66,66th Precinct,Brooklyn,5822 16th Avenue,40.625769,-73.991394,"5822 16 AVENUE, Brooklyn, NY, USA"
67,67th Precinct,Brooklyn,2820 Snyder Avenue,40.648657,-73.950246,"2820 SNYDER AVENUE, Brooklyn, NY, USA"
68,68th Precinct,Brooklyn,333 65th Street,40.639101,-74.022508,"333 65 STREET, Brooklyn, NY, USA"
69,69th Precinct,Brooklyn,9720 Foster Avenue,40.648497,-73.904957,"9720 FOSTER AVENUE, Brooklyn, NY, USA"
70,70th Precinct,Brooklyn,154 Lawrence Avenue,40.630361,-73.973722,"154 LAWRENCE AVENUE, Brooklyn, NY, USA"
71,71st Precinct,Brooklyn,421 Empire Boulevard,40.664583,-73.947882,"421 EMPIRE BOULEVARD, Brooklyn, NY, USA"
72,72nd Precinct,Brooklyn,830 4th Avenue,40.658199,-74.001074,"830 4 AVENUE, Brooklyn, NY, USA"
73,73rd Precinct,Brooklyn,1470 East New York Avenue,40.670837,-73.913556,"1470 EAST NEW YORK AVENUE, Brooklyn, NY, USA"
75,75th Precinct,Brooklyn,1000 Sutter Avenue,40.671136,-73.881449,"1000 SUTTER AVENUE, Brooklyn, NY, USA"
76,76th Precinct,Brooklyn,191 Union Street,40.683856,-74.000247,"191 UNION STREET, Brooklyn, NY, USA"
77,77th Precinct,Brooklyn,127 Utica Avenue,40.674731,-73.930253,"127 UTICA AVENUE, Brooklyn, NY, USA"
78,78th Precinct,Brooklyn,65 6th Avenue,40.680901,-73.974145,"65 6 AVENUE, Brooklyn, NY, USA"
79,79th Precinct,Brooklyn,263 Tompkins Avenue,40.688884,-73.944612,"263 TOMPKINS AVENUE, Brooklyn, NY, USA"
81,81st Precinct,Brooklyn,30 Ralph Avenue,40.689545,-73.924378,"30 RALPH AVENUE, Brooklyn, NY, USA"
83,83rd Precinct,Brooklyn,480 Knickerbocker Avenue,40.698171,-73.917874,"480 KNICKERBOCKER AVENUE, Brooklyn, NY, USA"
84,84th Precinct,Brooklyn,301 Gold Street,40.695495,-73.982842,"301 GOLD STREET, Brooklyn, NY, USA"
88,88th Precinct,Brooklyn,298 Classon Avenue,40.690091,-73.960499,"298 CLASSON AVENUE, Brooklyn, NY, USA"
90,90th Precinct,Brooklyn,211 Union Avenue,40.706206,-73.950798,"211 UNION AVENUE, Brooklyn, NY, USA"
94,94th Precinct,Brooklyn,100 Meserole Avenue,40.72671,-73.953228,"100 MESEROLE AVENUE, Brooklyn, NY, USA"
100,100th Precinct,Queens,92-24 Rockaway Beach Boulevard,40.586329,-73.816517,"92-24 ROCKAWAY BEACH BOULEVARD, Rockaway Beach, NY, USA"
101,101st Precinct,Queens,16-12 Mott Avenue,40.602913,-73.749965,"16-12 MOTT AVENUE, Far Rockaway, NY, USA"
102,102nd Precinct,Queens,87-34 118th Street,40.698713,-73.831574,"87-34 118 STREET, Richmond Hill, NY, USA"
103,103rd Precinct,Queens,168-02 P.O Edward Byrne Ave.,40.707081,-73.792637,"168-02 PO EDWARD BYRNE AVENUE, Jamaica, NY, USA"
104,104th Precinct,Queens,64-2 Catalpa Avenue,40.704278,-73.893611,"64-02 CATALPA AVENUE, Fresh Pond, NY, USA"
105,105th Precinct,Queens,92-08 222nd Street,40.72622,-73.735156,"92-08 222 STREET, Queens Village, NY, USA"
106,106th Precinct,Queens,103-53 101st Street,40.682207,-73.839751,"103-53 101 STREET, Ozone Park, NY, USA"
107,107th Precinct,Queens,71-01 Parsons Boulevard,40.730025,-73.810623,"71-01 PARSONS BOULEVARD, Flushing, NY, USA"
108,108th Precinct,Queens,5-47 50th Avenue,40.743056,-73.954743,"5-47 50 AVENUE, Long Island City, NY, USA"
109,109th Precinct,Queens,37-05 Union Street,40.762358,-73.827021,"37-05 UNION STREET, Flushing, NY, USA"
110,110th Precinct,Queens,94-41 43rd Avenue,40.745245,-73.87008,"94-41 43 AVENUE, Elmhurst, NY, USA"
111,111th Precinct,Queens,45-06 215th Street,40.760216,-73.767749,"45-06 215 STREET, Bayside, NY, USA"
112,112th Precinct,Queens,68-40 Austin Street,40.722254,-73.851116,"68-40 AUSTIN STREET, Forest Hills, NY, USA"
113,113th Precinct,Queens,167-02 Baisley Boulevard,40.679787,-73.775737,"167-02 BAISLEY BOULEVARD, Jamaica, NY, USA"
114,114th Precinct,Queens,34-16 Astoria Boulevard,40.76928,-73.915326,"34-16 ASTORIA BOULEVARD, Astoria, NY, USA"
115,115th Precinct,Queens,92-15 Northern Boulevard,40.756852,-73.875534,"92-15 NORTHERN BOULEVARD, East Elmhurst, NY, USA"
116,116th Precinct,Queens,244-04 North Conduit Avenue,40.66629,-73.734736,"244-04 NORTH CONDUIT AVENUE, Rosedale, NY, USA"
120,120th Precinct,Staten Island,78 Richmond Terrace,40.644644,-74.077464,"78 RICHMOND TERRACE, Staten Island, NY, USA"
121,121st Precinct,Staten Island,970 Richmond Avenue,40.623608,-74.150165,"970 RICHMOND AVENUE, Staten Island, NY, USA"
122,122nd Precinct,Staten Island,2320 Hylan Boulevard,40.574144,-74.105493,"2320 HYLAN BOULEVARD, Staten Island, NY, USA"
123,123rd Precinct,Staten Island,116 Main Street,40.511853,-74.249979,"116 MAIN STREET, Staten Island, NY, USA"
